DATE,46670,46982,46504,46571,46888
2008-06-08,1.0,2.0,1.0,1.0,2.0
2008-06-09,1.0,2.0,1.0,1.0,2.0
2008-06-10,1.0,2.0,1.0,1.0,2.0
2008-06-11,1.0,2.0,1.0,1.0,2.0
2008-06-12,1.0,2.0,1.0,1.0,2.0
2008-06-13,1.0,2.0,1.0,1.0,2.0
2008-06-14,1.0,2.0,1.0,1.0,2.0
2008-06-15,1.0,2.0,1.0,1.0,2.0
2008-06-16,1.0,2.0,1.0,1.0,2.0
2008-06-17,1.0,2.0,1.0,1.0,2.0
2008-06-18,1.0,2.0,1.0,1.0,2.0
2008-06-19,1.0,2.0,1.0,1.0,2.0
2008-06-20,1.0,2.0,1.0,1.0,2.0
2008-06-21,1.0,2.0,1.0,1.0,2.0
2008-06-22,1.0,2.0,1.0,1.0,2.0
2008-06-23,1.0,2.0,1.0,1.0,2.0
2008-06-24,1.0,2.0,1.0,1.0,2.0
2008-06-25,1.0,2.0,1.0,1.0,2.0
2008-06-26,1.0,2.0,1.0,1.0,2.0
2008-06-27,1.0,2.0,1.0,1.0,2.0
2008-06-28,1.0,2.0,1.0,1.0,2.0
2008-06-29,1.0,2.0,1.0,1.0,2.0
2008-06-30,1.0,2.0,1.0,1.0,2.0
2008-07-01,1.0,2.0,1.0,1.0,2.0
2008-07-02,1.0,2.0,1.0,1.0,2.0
2008-07-03,1.0,2.0,1.0,1.0,2.0
2008-07-04,1.0,2.0,1.0,1.0,2.0
2008-07-05,1.0,2.0,1.0,1.0,2.0
2008-07-06,1.0,2.0,1.0,1.0,2.0
2008-07-07,1.0,2.0,1.0,1.0,2.0
2008-07-08,1.0,2.0,1.0,1.0,2.0
2008-07-09,1.0,2.0,1.0,1.0,2.0
2008-07-10,1.0,2.0,1.0,1.0,2.0
2008-07-11,1.0,2.0,1.0,1.0,2.0
2008-07-12,1.0,4.0,1.0,1.0,1.0
2008-07-13,1.0,4.0,1.0,1.0,1.0
2008-07-14,1.0,4.0,1.0,1.0,1.0
2008-07-15,1.0,4.0,1.0,1.0,1.0
2008-07-16,1.0,4.0,1.0,1.0,1.0
2008-07-17,1.0,4.0,1.0,1.0,1.0
2008-07-18,1.0,4.0,1.0,1.0,1.0
2008-07-19,1.0,4.0,1.0,1.0,1.0
2008-07-20,1.0,4.0,1.0,1.0,1.0
2008-07-21,1.0,4.0,1.0,1.0,1.0
2008-07-22,1.0,4.0,1.0,1.0,1.0
2008-07-23,1.0,4.0,1.0,1.0,1.0
2008-07-24,1.0,4.0,1.0,1.0,1.0
2008-07-25,1.0,4.0,1.0,1.0,1.0
2008-07-26,1.0,4.0,1.0,1.0,1.0
2008-07-27,1.0,4.0,1.0,1.0,1.0
2008-07-28,1.0,4.0,1.0,1.0,1.0
2008-07-29,1.0,4.0,1.0,1.0,1.0
2008-07-30,1.0,4.0,1.0,1.0,1.0
2008-07-31,1.0,4.0,1.0,1.0,1.0
2008-08-01,1.0,4.0,1.0,1.0,1.0
2008-08-02,1.0,4.0,1.0,1.0,1.0
2008-08-03,1.0,4.0,1.0,1.0,1.0
2008-08-04,1.0,4.0,1.0,1.0,1.0
2008-08-05,1.0,4.0,1.0,1.0,1.0
2008-08-06,1.0,4.0,1.0,1.0,1.0
2008-08-07,1.0,4.0,1.0,1.0,1.0
2008-08-08,1.0,4.0,1.0,1.0,1.0
2008-08-09,1.0,4.0,1.0,1.0,1.0
2008-08-10,1.0,4.0,1.0,1.0,1.0
2008-08-11,1.0,4.0,1.0,1.0,1.0
2008-08-12,1.0,4.0,1.0,1.0,1.0
2008-08-13,1.0,4.0,1.0,1.0,1.0
2008-08-14,1.0,4.0,1.0,1.0,1.0
2008-08-15,1.0,4.0,1.0,1.0,1.0
2008-08-16,1.0,4.0,1.0,1.0,1.0
2008-08-17,1.0,4.0,1.0,1.0,1.0
2008-08-18,1.0,4.0,1.0,1.0,1.0
2008-08-19,1.0,4.0,1.0,1.0,1.0
2008-08-20,1.0,4.0,1.0,1.0,1.0
2008-08-21,1.0,4.0,1.0,1.0,1.0
2008-08-22,1.0,4.0,1.0,1.0,1.0
2008-08-23,1.0,4.0,1.0,1.0,1.0
2008-08-24,1.0,4.0,1.0,1.0,1.0
2008-08-25,1.0,4.0,1.0,1.0,1.0
2008-08-26,1.0,4.0,1.0,1.0,1.0
2008-08-27,1.0,4.0,1.0,1.0,1.0
2008-08-28,1.0,4.0,1.0,1.0,1.0
2008-08-29,1.0,4.0,1.0,1.0,1.0
2008-08-30,1.0,4.0,1.0,1.0,1.0
2008-08-31,1.0,4.0,1.0,1.0,1.0
2008-09-01,1.0,4.0,1.0,1.0,1.0
2008-09-02,1.0,4.0,1.0,1.0,1.0
2008-09-03,1.0,4.0,1.0,1.0,1.0
2008-09-04,1.0,4.0,1.0,1.0,1.0
2008-09-05,1.0,4.0,1.0,1.0,1.0
2008-09-06,1.0,4.0,1.0,1.0,1.0
2008-09-07,1.0,4.0,1.0,1.0,1.0
2008-09-08,1.0,4.0,1.0,1.0,1.0
2008-09-09,1.0,4.0,1.0,1.0,1.0
2008-09-10,1.0,4.0,1.0,1.0,1.0
2008-09-11,1.0,4.0,1.0,1.0,1.0
2008-09-12,1.0,4.0,1.0,1.0,1.0
2008-09-13,1.0,4.0,1.0,1.0,1.0
2008-09-14,1.0,4.0,1.0,1.0,1.0
2008-09-15,1.0,2.0,1.0,1.0,2.0
2008-09-16,1.0,2.0,1.0,1.0,2.0
2008-09-17,1.0,3.0,1.0,1.0,2.0
2008-09-18,1.0,3.0,1.0,1.0,2.0
2008-09-19,1.0,3.0,1.0,1.0,2.0
2008-09-20,1.0,3.0,1.0,1.0,2.0
2008-09-21,1.0,3.0,1.0,1.0,2.0
2008-09-22,1.0,3.0,1.0,1.0,2.0
2008-09-23,1.0,3.0,1.0,1.0,2.0
2008-09-24,1.0,3.0,1.0,1.0,2.0
2008-09-25,1.0,3.0,1.0,1.0,2.0
2008-09-26,3.0,4.0,1.0,1.0,2.0
2008-09-27,3.0,4.0,1.0,1.0,2.0
2008-09-28,3.0,4.0,1.0,1.0,2.0
2008-09-29,1.0,5.0,1.0,4.0,7.0
2008-09-30,4.0,7.0,1.0,3.0,4.0
2008-10-01,4.0,7.0,1.0,3.0,4.0
2008-10-02,4.0,7.0,1.0,3.0,4.0
2008-10-03,2.0,6.0,1.0,3.0,3.0
2008-10-04,1.0,7.0,1.0,3.0,3.0
2008-10-05,1.0,7.0,1.0,3.0,3.0
2008-10-06,1.0,7.0,1.0,3.0,3.0
2008-10-07,5.0,7.0,1.0,2.0,5.0
2008-10-08,4.0,7.0,2.0,1.0,6.0
2008-10-09,4.0,7.0,2.0,1.0,6.0
2008-10-10,4.0,7.0,2.0,1.0,6.0
2008-10-11,12.0,10.0,2.0,1.0,7.0
2008-10-12,10.0,6.0,2.0,1.0,5.0
2008-10-13,10.0,6.0,2.0,1.0,5.0
2008-10-14,10.0,6.0,2.0,1.0,5.0
2008-10-15,10.0,6.0,2.0,1.0,5.0
2008-10-16,5.0,3.0,4.0,5.0,1.0
2008-10-17,3.0,5.0,2.0,3.0,2.0
2008-10-18,3.0,5.0,2.0,3.0,2.0
2008-10-19,3.0,5.0,2.0,3.0,2.0
2008-10-20,3.0,5.0,2.0,3.0,2.0
2008-10-21,3.0,5.0,2.0,3.0,2.0
2008-10-22,3.0,5.0,2.0,3.0,2.0
2008-10-23,5.0,4.0,2.0,2.0,2.0
2008-10-24,5.0,4.0,2.0,2.0,2.0
2008-10-25,5.0,4.0,2.0,2.0,2.0
2008-10-26,10.0,6.0,5.0,1.0,1.0
2008-10-27,4.0,10.0,2.0,2.0,3.0
2008-10-28,3.0,14.0,4.0,1.0,3.0
2008-10-29,3.0,8.0,3.0,1.0,2.0
2008-10-30,3.0,12.0,4.0,2.0,5.0
2008-10-31,8.0,14.0,2.0,1.0,2.0
2008-11-01,4.0,10.0,1.0,1.0,2.0
2008-11-02,4.0,10.0,1.0,1.0,2.0
2008-11-03,4.0,10.0,1.0,1.0,2.0
2008-11-04,4.0,10.0,1.0,1.0,2.0
2008-11-05,4.0,10.0,1.0,1.0,2.0
2008-11-06,4.0,10.0,1.0,1.0,2.0
2008-11-07,2.0,5.0,1.0,1.0,2.0
2008-11-08,2.0,5.0,1.0,1.0,2.0
2008-11-09,2.0,5.0,1.0,1.0,2.0
2008-11-10,2.0,5.0,1.0,1.0,2.0
2008-11-11,2.0,5.0,1.0,1.0,2.0
2008-11-12,2.0,5.0,1.0,1.0,2.0
2008-11-13,2.0,5.0,1.0,1.0,2.0
2008-11-14,2.0,5.0,1.0,1.0,2.0
2008-11-15,2.0,5.0,1.0,1.0,2.0
2008-11-16,2.0,5.0,1.0,1.0,2.0
2008-11-17,2.0,5.0,1.0,1.0,2.0
2008-11-18,2.0,5.0,1.0,1.0,2.0
2008-11-19,2.0,5.0,1.0,1.0,2.0
2008-11-20,2.0,5.0,1.0,1.0,2.0
2008-11-21,2.0,5.0,1.0,1.0,2.0
2008-11-22,2.0,5.0,1.0,1.0,2.0
2008-11-23,2.0,5.0,1.0,1.0,2.0
2008-11-24,2.0,5.0,1.0,1.0,2.0
2008-11-25,2.0,5.0,1.0,1.0,2.0
2008-11-26,2.0,5.0,1.0,1.0,2.0
2008-11-27,2.0,5.0,1.0,1.0,2.0
2008-11-28,2.0,5.0,1.0,1.0,2.0
2008-11-29,2.0,5.0,1.0,1.0,2.0
2008-11-30,2.0,5.0,1.0,1.0,2.0
2008-12-01,2.0,5.0,1.0,1.0,2.0
2008-12-02,2.0,5.0,1.0,1.0,2.0
2008-12-03,2.0,5.0,1.0,1.0,2.0
2008-12-04,2.0,5.0,1.0,1.0,2.0
2008-12-05,2.0,5.0,1.0,1.0,2.0
2008-12-06,2.0,5.0,1.0,1.0,2.0
2008-12-07,2.0,5.0,1.0,1.0,2.0
2008-12-08,2.0,5.0,1.0,1.0,2.0
2008-12-09,2.0,5.0,1.0,1.0,2.0
2008-12-10,2.0,5.0,1.0,1.0,2.0
2008-12-11,2.0,5.0,1.0,1.0,2.0
2008-12-12,2.0,5.0,1.0,1.0,2.0
2008-12-13,2.0,5.0,1.0,1.0,2.0
2008-12-14,2.0,5.0,1.0,1.0,2.0
2008-12-15,2.0,5.0,1.0,1.0,2.0
2008-12-16,2.0,5.0,1.0,1.0,2.0
2008-12-17,2.0,5.0,1.0,1.0,2.0
2008-12-18,2.0,5.0,1.0,1.0,2.0
2008-12-19,2.0,5.0,1.0,1.0,2.0
2008-12-20,2.0,5.0,1.0,1.0,2.0
2008-12-21,2.0,5.0,1.0,1.0,2.0
2008-12-22,2.0,5.0,1.0,1.0,2.0
2008-12-23,2.0,5.0,1.0,1.0,2.0
2008-12-24,2.0,5.0,1.0,1.0,2.0
2008-12-25,2.0,5.0,1.0,1.0,2.0
2008-12-26,2.0,5.0,1.0,1.0,2.0
2008-12-27,2.0,5.0,1.0,1.0,2.0
2008-12-28,2.0,5.0,1.0,1.0,2.0
2008-12-29,2.0,5.0,1.0,1.0,2.0
2008-12-30,2.0,5.0,1.0,1.0,2.0
2008-12-31,2.0,5.0,1.0,1.0,2.0
2009-01-01,2.0,5.0,1.0,1.0,2.0
2009-01-02,2.0,5.0,1.0,1.0,2.0
2009-01-03,2.0,5.0,1.0,1.0,2.0
2009-01-04,2.0,5.0,1.0,1.0,2.0
2009-01-05,2.0,5.0,1.0,1.0,2.0
2009-01-06,2.0,5.0,1.0,1.0,2.0
2009-01-07,2.0,5.0,1.0,1.0,2.0
2009-01-08,2.0,5.0,1.0,1.0,2.0
2009-01-09,2.0,5.0,1.0,1.0,2.0
2009-01-10,2.0,5.0,1.0,1.0,2.0
2009-01-11,2.0,5.0,1.0,1.0,2.0
2009-01-12,2.0,5.0,1.0,1.0,2.0
2009-01-13,2.0,5.0,1.0,1.0,2.0
2009-01-14,2.0,5.0,1.0,1.0,2.0
2009-01-15,2.0,5.0,1.0,1.0,2.0
2009-01-16,2.0,5.0,1.0,1.0,2.0
2009-01-17,2.0,5.0,1.0,1.0,2.0
2009-01-18,2.0,5.0,1.0,1.0,2.0
2009-01-19,2.0,5.0,1.0,1.0,2.0
2009-01-20,2.0,5.0,1.0,1.0,2.0
2009-01-21,2.0,5.0,1.0,1.0,2.0
2009-01-22,2.0,5.0,1.0,1.0,2.0
2009-01-23,2.0,5.0,1.0,1.0,2.0
2009-01-24,2.0,5.0,1.0,1.0,2.0
2009-01-25,2.0,5.0,1.0,1.0,2.0
2009-01-26,2.0,5.0,1.0,1.0,2.0
2009-01-27,2.0,5.0,1.0,1.0,2.0
2009-01-28,2.0,5.0,1.0,1.0,2.0
2009-01-29,2.0,5.0,1.0,1.0,2.0
2009-01-30,2.0,5.0,1.0,1.0,2.0
2009-01-31,2.0,5.0,1.0,1.0,2.0
2009-02-01,2.0,5.0,1.0,1.0,2.0
2009-02-02,2.0,5.0,1.0,1.0,2.0
2009-02-03,2.0,5.0,1.0,1.0,2.0
2009-02-04,2.0,5.0,1.0,1.0,2.0
2009-02-05,2.0,5.0,1.0,1.0,2.0
2009-02-06,2.0,5.0,1.0,1.0,2.0
2009-02-07,2.0,5.0,1.0,1.0,2.0
2009-02-08,2.0,5.0,1.0,1.0,2.0
2009-02-09,2.0,5.0,1.0,1.0,2.0
2009-02-10,2.0,5.0,1.0,1.0,2.0
2009-02-11,2.0,5.0,1.0,1.0,2.0
2009-02-12,2.0,5.0,1.0,1.0,2.0
2009-02-13,2.0,5.0,1.0,1.0,2.0
2009-02-14,2.0,5.0,1.0,1.0,2.0
2009-02-15,2.0,5.0,1.0,1.0,2.0
2009-02-16,2.0,5.0,1.0,1.0,2.0
2009-02-17,2.0,5.0,1.0,1.0,2.0
2009-02-18,2.0,5.0,1.0,1.0,2.0
2009-02-19,2.0,5.0,1.0,1.0,2.0
2009-02-20,2.0,5.0,1.0,1.0,2.0
2009-02-21,2.0,5.0,1.0,1.0,2.0
2009-02-22,2.0,5.0,1.0,1.0,2.0
2009-02-23,2.0,5.0,1.0,1.0,2.0
2009-02-24,2.0,5.0,1.0,1.0,2.0
2009-02-25,2.0,5.0,1.0,1.0,2.0
2009-02-26,2.0,5.0,1.0,1.0,2.0
2009-02-27,2.0,5.0,1.0,1.0,2.0
2009-02-28,2.0,5.0,1.0,1.0,2.0
2009-03-01,2.0,5.0,1.0,1.0,2.0
2009-03-02,2.0,5.0,1.0,1.0,2.0
2009-03-03,2.0,5.0,1.0,1.0,2.0
2009-03-04,2.0,5.0,1.0,1.0,2.0
2009-03-05,2.0,5.0,1.0,1.0,2.0
2009-03-06,2.0,5.0,1.0,1.0,2.0
2009-03-07,2.0,5.0,1.0,1.0,2.0
2009-03-08,2.0,5.0,1.0,1.0,2.0
2009-03-09,2.0,5.0,1.0,1.0,2.0
2009-03-10,2.0,5.0,1.0,1.0,2.0
2009-03-11,2.0,5.0,1.0,1.0,2.0
2009-03-12,2.0,5.0,1.0,1.0,2.0
2009-03-13,2.0,5.0,1.0,1.0,2.0
2009-03-14,2.0,5.0,1.0,1.0,2.0
2009-03-15,2.0,5.0,1.0,1.0,2.0
2009-03-16,2.0,5.0,1.0,1.0,2.0
2009-03-17,2.0,5.0,1.0,1.0,2.0
2009-03-18,2.0,5.0,1.0,1.0,2.0
2009-03-19,2.0,5.0,1.0,1.0,2.0
2009-03-20,2.0,5.0,1.0,1.0,2.0
2009-03-21,2.0,5.0,1.0,1.0,2.0
2009-03-22,2.0,5.0,1.0,1.0,2.0
2009-03-23,2.0,5.0,1.0,1.0,2.0
2009-03-24,2.0,5.0,1.0,1.0,2.0
2009-03-25,2.0,5.0,1.0,1.0,2.0
2009-03-26,2.0,5.0,1.0,1.0,2.0
2009-03-27,2.0,5.0,1.0,1.0,2.0
2009-03-28,2.0,5.0,1.0,1.0,2.0
2009-03-29,2.0,5.0,1.0,1.0,2.0
2009-03-30,2.0,5.0,1.0,1.0,2.0
2009-03-31,2.0,5.0,1.0,1.0,2.0
2009-04-01,2.0,5.0,1.0,1.0,2.0
2009-04-02,2.0,5.0,1.0,1.0,2.0
2009-04-03,2.0,5.0,1.0,1.0,2.0
2009-04-04,2.0,5.0,1.0,1.0,2.0
2009-04-05,2.0,5.0,1.0,1.0,2.0
2009-04-06,1.0,3.0,1.0,1.0,1.0
2009-04-07,1.0,3.0,1.0,1.0,1.0
2009-04-08,1.0,3.0,1.0,1.0,1.0
2009-04-09,1.0,3.0,1.0,1.0,1.0
2009-04-10,1.0,3.0,1.0,1.0,1.0
2009-04-11,1.0,3.0,1.0,1.0,1.0
2009-04-12,1.0,3.0,1.0,1.0,1.0
2009-04-13,1.0,3.0,1.0,1.0,1.0
2009-04-14,1.0,3.0,1.0,1.0,1.0
2009-04-15,1.0,3.0,1.0,1.0,1.0
2009-04-16,1.0,3.0,1.0,1.0,1.0
2009-04-17,1.0,3.0,1.0,1.0,1.0
2009-04-18,1.0,3.0,1.0,1.0,1.0
2009-04-19,1.0,3.0,1.0,1.0,1.0
2009-04-20,1.0,3.0,1.0,1.0,1.0
2009-04-21,1.0,3.0,1.0,1.0,1.0
2009-04-22,1.0,3.0,1.0,1.0,1.0
2009-04-23,1.0,3.0,1.0,1.0,1.0
2009-04-24,1.0,3.0,1.0,1.0,1.0
2009-04-25,1.0,3.0,1.0,1.0,1.0
2009-04-26,1.0,3.0,1.0,1.0,1.0
2009-04-27,1.0,5.0,2.0,1.0,4.0
2009-04-28,1.0,5.0,2.0,1.0,4.0
2009-04-29,1.0,5.0,2.0,1.0,4.0
2009-04-30,1.0,5.0,2.0,1.0,4.0
2009-05-01,1.0,5.0,2.0,1.0,4.0
2009-05-02,1.0,5.0,2.0,1.0,4.0
2009-05-03,1.0,5.0,2.0,1.0,4.0
2009-05-04,1.0,5.0,2.0,1.0,4.0
2009-05-05,1.0,5.0,2.0,1.0,4.0
2009-05-06,4.0,9.0,2.0,3.0,6.0
2009-05-07,4.0,7.0,2.0,4.0,6.0
2009-05-08,4.0,7.0,2.0,4.0,6.0
2009-05-09,9.0,4.0,5.0,5.0,1.0
2009-05-10,5.0,2.0,5.0,7.0,2.0
2009-05-11,5.0,2.0,5.0,7.0,2.0
2009-05-12,10.0,10.0,8.0,1.0,3.0
2009-05-13,7.0,5.0,6.0,1.0,2.0
2009-05-14,7.0,5.0,6.0,1.0,2.0
2009-05-15,5.0,4.0,4.0,3.0,1.0
2009-05-16,5.0,4.0,4.0,3.0,1.0
2009-05-17,3.0,13.0,4.0,2.0,1.0
2009-05-18,3.0,13.0,4.0,2.0,1.0
2009-05-19,2.0,11.0,5.0,2.0,1.0
2009-05-20,2.0,11.0,5.0,2.0,1.0
2009-05-21,2.0,11.0,5.0,2.0,1.0
2009-05-22,5.0,7.0,4.0,1.0,4.0
2009-05-23,5.0,7.0,4.0,1.0,4.0
2009-05-24,5.0,7.0,4.0,1.0,4.0
2009-05-25,5.0,7.0,4.0,1.0,4.0
2009-05-26,5.0,7.0,4.0,1.0,4.0
2009-05-27,5.0,7.0,4.0,1.0,4.0
2009-05-28,5.0,7.0,4.0,1.0,4.0
2009-05-29,5.0,7.0,4.0,1.0,4.0
2009-05-30,5.0,7.0,4.0,1.0,4.0
2009-05-31,5.0,7.0,4.0,1.0,4.0
2009-06-01,3.0,5.0,1.0,2.0,2.0
2009-06-02,2.0,13.0,4.0,2.0,3.0
2009-06-03,6.0,3.0,5.0,5.0,1.0
2009-06-04,4.0,2.0,7.0,5.0,1.0
2009-06-05,4.0,2.0,7.0,4.0,2.0
2009-06-06,4.0,2.0,7.0,4.0,2.0
2009-06-07,9.0,2.0,4.0,4.0,2.0
2009-06-08,4.0,4.0,6.0,5.0,3.0
2009-06-09,2.0,4.0,11.0,9.0,2.0
2009-06-10,8.0,5.0,13.0,2.0,3.0
2009-06-11,3.0,3.0,4.0,1.0,8.0
2009-06-12,2.0,2.0,8.0,6.0,2.0
2009-06-13,10.0,3.0,8.0,7.0,2.0
2009-06-14,2.0,12.0,4.0,3.0,2.0
2009-06-15,5.0,8.0,4.0,4.0,2.0
2009-06-16,5.0,8.0,4.0,4.0,2.0
2009-06-17,8.0,3.0,3.0,10.0,1.0
2009-06-18,7.0,1.0,1.0,1.0,2.0
2009-06-19,2.0,4.0,4.0,9.0,4.0
2009-06-20,9.0,8.0,4.0,1.0,2.0
2009-06-21,6.0,6.0,4.0,1.0,1.0
2009-06-22,6.0,6.0,4.0,1.0,1.0
2009-06-23,6.0,6.0,4.0,1.0,1.0
2009-06-24,4.0,7.0,4.0,1.0,1.0
2009-06-25,4.0,7.0,4.0,1.0,1.0
2009-06-26,4.0,6.0,3.0,3.0,1.0
2009-06-27,4.0,6.0,3.0,3.0,1.0
2009-06-28,4.0,6.0,3.0,3.0,1.0
2009-06-29,4.0,4.0,2.0,4.0,1.0
2009-06-30,4.0,4.0,2.0,4.0,1.0
2009-07-01,4.0,4.0,2.0,4.0,1.0
2009-07-02,4.0,4.0,2.0,4.0,1.0
2009-07-03,4.0,4.0,2.0,4.0,1.0
2009-07-04,2.0,2.0,4.0,3.0,1.0
2009-07-05,2.0,2.0,3.0,2.0,1.0
2009-07-06,2.0,2.0,3.0,2.0,1.0
2009-07-07,4.0,2.0,3.0,2.0,1.0
2009-07-08,4.0,2.0,3.0,2.0,1.0
2009-07-09,4.0,2.0,3.0,2.0,1.0
2009-07-10,4.0,1.0,10.0,5.0,1.0
2009-07-11,6.0,4.0,10.0,8.0,2.0
2009-07-12,7.0,3.0,8.0,7.0,1.0
2009-07-13,7.0,3.0,8.0,7.0,1.0
2009-07-14,7.0,3.0,8.0,7.0,1.0
2009-07-15,11.0,4.0,2.0,3.0,1.0
2009-07-16,6.0,6.0,5.0,6.0,1.0
2009-07-17,5.0,5.0,4.0,4.0,1.0
2009-07-18,5.0,5.0,4.0,4.0,1.0
2009-07-19,5.0,5.0,4.0,4.0,1.0
2009-07-20,2.0,2.0,5.0,1.0,1.0
2009-07-21,2.0,2.0,3.0,1.0,1.0
2009-07-22,2.0,2.0,3.0,1.0,1.0
2009-07-23,2.0,2.0,3.0,1.0,1.0
2009-07-24,2.0,2.0,3.0,1.0,1.0
2009-07-25,2.0,2.0,3.0,1.0,1.0
2009-07-26,2.0,2.0,3.0,1.0,1.0
2009-07-27,1.0,4.0,6.0,1.0,1.0
2009-07-28,1.0,4.0,6.0,1.0,1.0
2009-07-29,1.0,4.0,6.0,1.0,1.0
2009-07-30,3.0,8.0,4.0,1.0,1.0
2009-07-31,3.0,8.0,4.0,1.0,1.0
2009-08-01,3.0,8.0,4.0,1.0,1.0
2009-08-02,3.0,8.0,4.0,1.0,1.0
2009-08-03,3.0,8.0,4.0,1.0,1.0
2009-08-04,3.0,8.0,4.0,1.0,1.0
2009-08-05,3.0,8.0,4.0,1.0,1.0
2009-08-06,3.0,8.0,4.0,1.0,1.0
2009-08-07,3.0,8.0,4.0,1.0,1.0
2009-08-08,12.0,5.0,2.0,1.0,1.0
2009-08-09,12.0,5.0,2.0,1.0,1.0
2009-08-10,12.0,5.0,2.0,1.0,1.0
2009-08-11,12.0,5.0,2.0,1.0,1.0
2009-08-12,12.0,5.0,2.0,1.0,1.0
2009-08-13,9.0,3.0,2.0,2.0,1.0
2009-08-14,9.0,3.0,2.0,2.0,1.0
2009-08-15,10.0,3.0,4.0,5.0,1.0
2009-08-16,8.0,3.0,2.0,4.0,1.0
2009-08-17,8.0,3.0,2.0,4.0,1.0
2009-08-18,8.0,3.0,2.0,4.0,1.0
2009-08-19,8.0,3.0,2.0,4.0,1.0
2009-08-20,8.0,3.0,2.0,4.0,1.0
2009-08-21,3.0,2.0,2.0,3.0,2.0
2009-08-22,3.0,6.0,2.0,3.0,2.0
2009-08-23,3.0,6.0,2.0,3.0,2.0
2009-08-24,7.0,10.0,2.0,3.0,1.0
2009-08-25,7.0,10.0,2.0,3.0,1.0
2009-08-26,7.0,10.0,2.0,3.0,1.0
2009-08-27,10.0,5.0,2.0,2.0,1.0
2009-08-28,5.0,14.0,7.0,3.0,1.0
2009-08-29,8.0,17.0,2.0,2.0,2.0
2009-08-30,12.0,16.0,3.0,2.0,1.0
2009-08-31,12.0,16.0,3.0,2.0,1.0
2009-09-01,11.0,18.0,3.0,2.0,5.0
2009-09-02,9.0,13.0,6.0,2.0,1.0
2009-09-03,16.0,4.0,4.0,2.0,1.0
2009-09-04,11.0,6.0,4.0,3.0,1.0
2009-09-05,14.0,7.0,6.0,3.0,1.0
2009-09-06,19.0,9.0,2.0,1.0,4.0
2009-09-07,15.0,15.0,6.0,2.0,1.0
2009-09-08,17.0,10.0,5.0,4.0,1.0
2009-09-09,17.0,10.0,5.0,4.0,1.0
2009-09-10,24.0,2.0,2.0,3.0,3.0
2009-09-11,23.0,5.0,2.0,2.0,1.0
2009-09-12,14.0,16.0,3.0,5.0,6.0
2009-09-13,12.0,4.0,2.0,5.0,3.0
2009-09-14,11.0,3.0,2.0,4.0,3.0
2009-09-15,11.0,3.0,2.0,4.0,3.0
2009-09-16,9.0,7.0,2.0,4.0,3.0
2009-09-17,9.0,7.0,2.0,4.0,3.0
2009-09-18,9.0,7.0,2.0,4.0,3.0
2009-09-19,9.0,7.0,2.0,4.0,3.0
2009-09-20,6.0,6.0,5.0,5.0,1.0
2009-09-21,6.0,18.0,2.0,3.0,5.0
2009-09-22,6.0,11.0,2.0,3.0,2.0
2009-09-23,9.0,10.0,2.0,3.0,2.0
2009-09-24,9.0,10.0,2.0,3.0,2.0
2009-09-25,10.0,13.0,5.0,2.0,1.0
2009-09-26,12.0,13.0,3.0,2.0,1.0
2009-09-27,12.0,13.0,3.0,2.0,1.0
2009-09-28,6.0,9.0,2.0,1.0,1.0
2009-09-29,6.0,9.0,2.0,1.0,1.0
2009-09-30,5.0,8.0,2.0,1.0,2.0
2009-10-01,5.0,8.0,2.0,1.0,2.0
2009-10-02,5.0,8.0,2.0,1.0,2.0
2009-10-03,5.0,8.0,2.0,1.0,2.0
2009-10-04,5.0,8.0,2.0,1.0,2.0
2009-10-05,11.0,10.0,2.0,4.0,7.0
2009-10-06,10.0,12.0,2.0,3.0,5.0
2009-10-07,12.0,11.0,2.0,3.0,3.0
2009-10-08,12.0,11.0,2.0,3.0,3.0
2009-10-09,12.0,11.0,2.0,3.0,3.0
2009-10-10,15.0,9.0,8.0,1.0,3.0
2009-10-11,14.0,7.0,5.0,2.0,4.0
2009-10-12,22.0,7.0,7.0,1.0,3.0
2009-10-13,18.0,8.0,7.0,2.0,1.0
2009-10-14,13.0,11.0,10.0,2.0,3.0
2009-10-15,12.0,13.0,2.0,2.0,5.0
2009-10-16,12.0,11.0,4.0,1.0,3.0
2009-10-17,10.0,10.0,3.0,1.0,3.0
2009-10-18,10.0,10.0,3.0,1.0,3.0
2009-10-19,4.0,2.0,3.0,1.0,1.0
2009-10-20,11.0,9.0,3.0,1.0,1.0
2009-10-21,7.0,7.0,2.0,1.0,1.0
2009-10-22,7.0,7.0,2.0,1.0,1.0
2009-10-23,6.0,7.0,2.0,1.0,2.0
2009-10-24,6.0,7.0,2.0,1.0,2.0
2009-10-25,6.0,7.0,2.0,1.0,2.0
2009-10-26,4.0,4.0,2.0,1.0,3.0
2009-10-27,4.0,4.0,2.0,1.0,3.0
2009-10-28,4.0,4.0,2.0,1.0,3.0
2009-10-29,6.0,3.0,1.0,1.0,2.0
2009-10-30,6.0,3.0,1.0,1.0,2.0
2009-10-31,6.0,3.0,1.0,1.0,2.0
2009-11-01,5.0,4.0,1.0,1.0,4.0
2009-11-02,5.0,4.0,1.0,1.0,4.0
2009-11-03,5.0,4.0,1.0,1.0,4.0
2009-11-04,5.0,4.0,1.0,1.0,4.0
2009-11-05,5.0,4.0,1.0,1.0,4.0
2009-11-06,5.0,4.0,1.0,1.0,4.0
2009-11-07,5.0,4.0,1.0,1.0,4.0
2009-11-08,5.0,4.0,1.0,1.0,4.0
2009-11-09,5.0,4.0,1.0,1.0,4.0
2009-11-10,5.0,4.0,1.0,1.0,4.0
2009-11-11,5.0,4.0,1.0,1.0,4.0
2009-11-12,5.0,4.0,1.0,1.0,4.0
2009-11-13,5.0,4.0,1.0,1.0,4.0
2009-11-14,5.0,4.0,1.0,1.0,4.0
2009-11-15,3.0,6.0,3.0,1.0,3.0
2009-11-16,3.0,6.0,3.0,1.0,3.0
2009-11-17,4.0,4.0,2.0,1.0,2.0
2009-11-18,4.0,4.0,2.0,1.0,2.0
2009-11-19,4.0,3.0,2.0,1.0,1.0
2009-11-20,4.0,3.0,2.0,1.0,1.0
2009-11-21,4.0,3.0,2.0,1.0,1.0
2009-11-22,4.0,3.0,2.0,1.0,1.0
2009-11-23,4.0,3.0,2.0,1.0,1.0
2009-11-24,4.0,3.0,2.0,1.0,1.0
2009-11-25,4.0,3.0,2.0,1.0,1.0
2009-11-26,4.0,3.0,2.0,1.0,1.0
2009-11-27,2.0,2.0,1.0,1.0,1.0
2009-11-28,2.0,2.0,1.0,1.0,1.0
2009-11-29,2.0,2.0,1.0,1.0,1.0
2009-11-30,2.0,2.0,1.0,1.0,1.0
2009-12-01,2.0,2.0,1.0,1.0,1.0
2009-12-02,2.0,2.0,1.0,1.0,1.0
2009-12-03,2.0,2.0,1.0,1.0,1.0
2009-12-04,2.0,2.0,1.0,1.0,1.0
2009-12-05,2.0,2.0,1.0,1.0,1.0
2009-12-06,2.0,2.0,1.0,1.0,1.0
2009-12-07,2.0,2.0,1.0,1.0,1.0
2009-12-08,2.0,2.0,1.0,1.0,1.0
2009-12-09,2.0,2.0,1.0,1.0,1.0
2009-12-10,2.0,2.0,1.0,1.0,1.0
2009-12-11,2.0,2.0,1.0,1.0,1.0
2009-12-12,2.0,2.0,1.0,1.0,1.0
2009-12-13,2.0,2.0,1.0,1.0,1.0
2009-12-14,2.0,2.0,1.0,1.0,1.0
2009-12-15,2.0,2.0,1.0,1.0,1.0
2009-12-16,2.0,2.0,1.0,1.0,1.0
2009-12-17,2.0,2.0,1.0,1.0,1.0
2009-12-18,2.0,2.0,1.0,1.0,1.0
2009-12-19,2.0,2.0,1.0,1.0,1.0
2009-12-20,2.0,2.0,1.0,1.0,1.0
2009-12-21,2.0,2.0,1.0,1.0,1.0
2009-12-22,2.0,2.0,1.0,1.0,1.0
2009-12-23,2.0,2.0,1.0,1.0,1.0
2009-12-24,2.0,2.0,1.0,1.0,1.0
2009-12-25,2.0,2.0,1.0,1.0,1.0
2009-12-26,2.0,2.0,1.0,1.0,1.0
2009-12-27,2.0,2.0,1.0,1.0,1.0
2009-12-28,2.0,2.0,1.0,1.0,1.0
2009-12-29,2.0,2.0,1.0,1.0,1.0
2009-12-30,2.0,2.0,1.0,1.0,1.0
2009-12-31,2.0,2.0,1.0,1.0,1.0
2010-01-01,2.0,2.0,1.0,1.0,1.0
2010-01-02,2.0,2.0,1.0,1.0,1.0
2010-01-03,2.0,2.0,1.0,1.0,1.0
2010-01-04,2.0,2.0,1.0,1.0,1.0
2010-01-05,2.0,2.0,1.0,1.0,1.0
2010-01-06,2.0,2.0,1.0,1.0,1.0
2010-01-07,2.0,2.0,1.0,1.0,1.0
2010-01-08,2.0,2.0,1.0,1.0,1.0
2010-01-09,2.0,2.0,1.0,1.0,1.0
2010-01-10,2.0,2.0,1.0,1.0,1.0
2010-01-11,2.0,2.0,1.0,1.0,1.0
2010-01-12,2.0,2.0,1.0,1.0,1.0
2010-01-13,2.0,2.0,1.0,1.0,1.0
2010-01-14,2.0,2.0,1.0,1.0,1.0
2010-01-15,2.0,2.0,1.0,1.0,1.0
2010-01-16,2.0,2.0,1.0,1.0,1.0
2010-01-17,2.0,2.0,1.0,1.0,1.0
2010-01-18,2.0,2.0,1.0,1.0,1.0
2010-01-19,2.0,2.0,1.0,1.0,1.0
2010-01-20,2.0,2.0,1.0,1.0,1.0
2010-01-21,2.0,2.0,1.0,1.0,1.0
2010-01-22,2.0,2.0,1.0,1.0,1.0
2010-01-23,2.0,2.0,1.0,1.0,1.0
2010-01-24,2.0,2.0,1.0,1.0,1.0
2010-01-25,2.0,2.0,1.0,1.0,1.0
2010-01-26,2.0,2.0,1.0,1.0,1.0
2010-01-27,2.0,2.0,1.0,1.0,1.0
2010-01-28,2.0,2.0,1.0,1.0,1.0
2010-01-29,2.0,2.0,1.0,1.0,1.0
2010-01-30,2.0,2.0,1.0,1.0,1.0
2010-01-31,2.0,2.0,1.0,1.0,1.0
2010-02-01,2.0,2.0,1.0,1.0,1.0
2010-02-02,2.0,2.0,1.0,1.0,1.0
2010-02-03,2.0,2.0,1.0,1.0,1.0
2010-02-04,2.0,2.0,1.0,1.0,1.0
2010-02-05,2.0,2.0,1.0,1.0,1.0
2010-02-06,2.0,2.0,1.0,1.0,1.0
2010-02-07,2.0,2.0,1.0,1.0,1.0
2010-02-08,2.0,2.0,1.0,1.0,1.0
2010-02-09,2.0,2.0,1.0,1.0,1.0
2010-02-10,2.0,2.0,1.0,1.0,1.0
2010-02-11,2.0,2.0,1.0,1.0,1.0
2010-02-12,2.0,2.0,1.0,1.0,1.0
2010-02-13,2.0,2.0,1.0,1.0,1.0
2010-02-14,2.0,2.0,1.0,1.0,1.0
2010-02-15,2.0,2.0,1.0,1.0,1.0
2010-02-16,2.0,2.0,1.0,1.0,1.0
2010-02-17,2.0,2.0,1.0,1.0,1.0
2010-02-18,2.0,2.0,1.0,1.0,1.0
2010-02-19,2.0,2.0,1.0,1.0,1.0
2010-02-20,2.0,2.0,1.0,1.0,1.0
2010-02-21,2.0,2.0,1.0,1.0,1.0
2010-02-22,2.0,2.0,1.0,1.0,1.0
2010-02-23,2.0,2.0,1.0,1.0,1.0
2010-02-24,2.0,2.0,1.0,1.0,1.0
2010-02-25,2.0,2.0,1.0,1.0,1.0
2010-02-26,2.0,2.0,1.0,1.0,1.0
2010-02-27,2.0,2.0,1.0,1.0,1.0
2010-02-28,2.0,2.0,1.0,1.0,1.0
2010-03-01,2.0,2.0,1.0,1.0,1.0
2010-03-02,2.0,2.0,1.0,1.0,1.0
2010-03-03,2.0,2.0,1.0,1.0,1.0
2010-03-04,2.0,2.0,1.0,1.0,1.0
2010-03-05,2.0,2.0,1.0,1.0,1.0
2010-03-06,2.0,2.0,1.0,1.0,1.0
2010-03-07,2.0,2.0,1.0,1.0,1.0
2010-03-08,2.0,2.0,1.0,1.0,1.0
2010-03-09,2.0,2.0,1.0,1.0,1.0
2010-03-10,2.0,2.0,1.0,1.0,1.0
2010-03-11,2.0,2.0,1.0,1.0,1.0
2010-03-12,2.0,2.0,1.0,1.0,1.0
2010-03-13,2.0,2.0,1.0,1.0,1.0
2010-03-14,2.0,2.0,1.0,1.0,1.0
2010-03-15,2.0,2.0,1.0,1.0,1.0
2010-03-16,2.0,2.0,1.0,1.0,1.0
2010-03-17,2.0,2.0,1.0,1.0,1.0
2010-03-18,2.0,2.0,1.0,1.0,1.0
2010-03-19,2.0,2.0,1.0,1.0,1.0
2010-03-20,2.0,2.0,1.0,1.0,1.0
2010-03-21,2.0,2.0,1.0,1.0,1.0
2010-03-22,2.0,2.0,1.0,1.0,1.0
2010-03-23,2.0,2.0,1.0,1.0,1.0
2010-03-24,2.0,2.0,1.0,1.0,1.0
2010-03-25,2.0,2.0,1.0,1.0,1.0
2010-03-26,2.0,2.0,1.0,1.0,1.0
2010-03-27,2.0,2.0,1.0,1.0,1.0
2010-03-28,2.0,2.0,1.0,1.0,1.0
2010-03-29,2.0,2.0,1.0,1.0,1.0
2010-03-30,2.0,2.0,1.0,1.0,1.0
2010-03-31,2.0,2.0,1.0,1.0,1.0
2010-04-01,2.0,2.0,1.0,1.0,1.0
2010-04-02,2.0,2.0,1.0,1.0,1.0
2010-04-03,2.0,2.0,1.0,1.0,1.0
2010-04-04,2.0,2.0,1.0,1.0,1.0
2010-04-05,2.0,2.0,1.0,1.0,1.0
2010-04-06,2.0,2.0,1.0,1.0,1.0
2010-04-07,2.0,2.0,1.0,1.0,1.0
2010-04-08,2.0,2.0,1.0,1.0,1.0
2010-04-09,2.0,2.0,1.0,1.0,1.0
2010-04-10,2.0,2.0,1.0,1.0,1.0
2010-04-11,2.0,2.0,1.0,1.0,1.0
2010-04-12,2.0,2.0,1.0,1.0,1.0
2010-04-13,2.0,2.0,1.0,1.0,1.0
2010-04-14,2.0,2.0,1.0,1.0,1.0
2010-04-15,2.0,2.0,1.0,1.0,1.0
2010-04-16,2.0,2.0,1.0,1.0,1.0
2010-04-17,2.0,2.0,1.0,1.0,1.0
2010-04-18,2.0,2.0,1.0,1.0,1.0
2010-04-19,2.0,2.0,1.0,1.0,1.0
2010-04-20,2.0,2.0,1.0,1.0,1.0
2010-04-21,2.0,2.0,1.0,1.0,1.0
2010-04-22,2.0,2.0,1.0,1.0,1.0
2010-04-23,2.0,2.0,1.0,1.0,1.0
2010-04-24,2.0,2.0,1.0,1.0,1.0
2010-04-25,2.0,2.0,1.0,1.0,1.0
2010-04-26,2.0,2.0,1.0,1.0,1.0
2010-04-27,2.0,2.0,1.0,1.0,1.0
2010-04-28,2.0,2.0,1.0,1.0,1.0
2010-04-29,2.0,2.0,1.0,1.0,1.0
2010-04-30,2.0,2.0,1.0,1.0,1.0
2010-05-01,2.0,2.0,1.0,1.0,1.0
2010-05-02,5.0,1.0,1.0,1.0,2.0
2010-05-03,1.0,1.0,2.0,2.0,2.0
2010-05-04,2.0,2.0,3.0,2.0,1.0
2010-05-05,2.0,2.0,3.0,2.0,1.0
2010-05-06,2.0,2.0,3.0,2.0,1.0
2010-05-07,4.0,2.0,3.0,3.0,5.0
2010-05-08,5.0,2.0,3.0,8.0,2.0
2010-05-09,6.0,2.0,8.0,4.0,2.0
2010-05-10,6.0,2.0,8.0,4.0,2.0
2010-05-11,4.0,1.0,7.0,3.0,4.0
2010-05-12,5.0,2.0,2.0,2.0,9.0
2010-05-13,4.0,4.0,2.0,1.0,7.0
2010-05-14,4.0,4.0,2.0,1.0,7.0
2010-05-15,3.0,7.0,3.0,3.0,5.0
2010-05-16,5.0,2.0,1.0,6.0,2.0
2010-05-17,4.0,4.0,3.0,5.0,1.0
2010-05-18,4.0,4.0,3.0,5.0,1.0
2010-05-19,3.0,6.0,7.0,1.0,2.0
2010-05-20,1.0,8.0,4.0,2.0,2.0
2010-05-21,5.0,8.0,2.0,4.0,1.0
2010-05-22,3.0,8.0,3.0,3.0,1.0
2010-05-23,3.0,8.0,3.0,3.0,1.0
2010-05-24,3.0,8.0,3.0,3.0,1.0
2010-05-25,3.0,7.0,4.0,2.0,1.0
2010-05-26,2.0,6.0,3.0,1.0,1.0
2010-05-27,2.0,6.0,3.0,1.0,1.0
2010-05-28,2.0,3.0,7.0,5.0,4.0
2010-05-29,3.0,1.0,4.0,3.0,2.0
2010-05-30,3.0,4.0,1.0,3.0,1.0
2010-05-31,2.0,12.0,2.0,2.0,1.0
2010-06-01,3.0,1.0,8.0,2.0,1.0
2010-06-02,6.0,9.0,4.0,3.0,4.0
2010-06-03,1.0,6.0,3.0,2.0,8.0
2010-06-04,9.0,1.0,7.0,2.0,6.0
2010-06-05,5.0,3.0,3.0,1.0,4.0
2010-06-06,10.0,7.0,4.0,3.0,1.0
2010-06-07,5.0,4.0,7.0,5.0,1.0
2010-06-08,7.0,5.0,4.0,1.0,4.0
2010-06-09,9.0,4.0,5.0,6.0,6.0
2010-06-10,5.0,7.0,6.0,13.0,8.0
2010-06-11,6.0,7.0,7.0,4.0,4.0
2010-06-12,3.0,3.0,4.0,1.0,11.0
2010-06-13,4.0,3.0,6.0,4.0,10.0
2010-06-14,12.0,2.0,5.0,5.0,8.0
2010-06-15,7.0,2.0,5.0,6.0,6.0
2010-06-16,7.0,2.0,5.0,6.0,6.0
2010-06-17,4.0,4.0,3.0,4.0,3.0
2010-06-18,4.0,4.0,3.0,4.0,3.0
2010-06-19,4.0,4.0,3.0,4.0,3.0
2010-06-20,3.0,2.0,6.0,3.0,3.0
2010-06-21,4.0,4.0,4.0,4.0,4.0
2010-06-22,4.0,4.0,4.0,4.0,4.0
2010-06-23,7.0,11.0,9.0,7.0,3.0
2010-06-24,5.0,7.0,6.0,4.0,2.0
2010-06-25,5.0,7.0,6.0,4.0,2.0
2010-06-26,10.0,6.0,3.0,5.0,1.0
2010-06-27,3.0,3.0,3.0,3.0,1.0
2010-06-28,2.0,2.0,4.0,2.0,1.0
2010-06-29,2.0,3.0,3.0,2.0,1.0
2010-06-30,2.0,3.0,3.0,2.0,1.0
2010-07-01,2.0,3.0,3.0,2.0,1.0
2010-07-02,2.0,3.0,3.0,2.0,1.0
2010-07-03,1.0,2.0,4.0,5.0,2.0
2010-07-04,8.0,8.0,4.0,2.0,7.0
2010-07-05,14.0,7.0,2.0,3.0,2.0
2010-07-06,8.0,7.0,2.0,5.0,2.0
2010-07-07,4.0,7.0,2.0,3.0,2.0
2010-07-08,11.0,11.0,2.0,3.0,2.0
2010-07-09,3.0,8.0,5.0,3.0,5.0
2010-07-10,9.0,9.0,5.0,1.0,3.0
2010-07-11,5.0,6.0,5.0,5.0,3.0
2010-07-12,5.0,6.0,5.0,5.0,3.0
2010-07-13,5.0,12.0,3.0,2.0,7.0
2010-07-14,4.0,8.0,6.0,2.0,4.0
2010-07-15,4.0,8.0,6.0,2.0,4.0
2010-07-16,4.0,8.0,6.0,2.0,4.0
2010-07-17,5.0,3.0,2.0,5.0,2.0
2010-07-18,3.0,7.0,5.0,3.0,2.0
2010-07-19,4.0,4.0,5.0,4.0,1.0
2010-07-20,4.0,4.0,5.0,3.0,1.0
2010-07-21,5.0,5.0,2.0,6.0,3.0
2010-07-22,4.0,8.0,1.0,5.0,2.0
2010-07-23,4.0,8.0,1.0,5.0,2.0
2010-07-24,4.0,8.0,1.0,5.0,2.0
2010-07-25,4.0,8.0,3.0,3.0,1.0
2010-07-26,4.0,8.0,3.0,3.0,1.0
2010-07-27,4.0,8.0,3.0,3.0,1.0
2010-07-28,4.0,8.0,3.0,3.0,1.0
2010-07-29,4.0,7.0,3.0,3.0,3.0
2010-07-30,5.0,5.0,2.0,2.0,2.0
2010-07-31,5.0,5.0,2.0,2.0,2.0
2010-08-01,5.0,5.0,2.0,2.0,2.0
2010-08-02,5.0,5.0,2.0,2.0,2.0
2010-08-03,5.0,4.0,1.0,6.0,3.0
2010-08-04,6.0,4.0,1.0,4.0,2.0
2010-08-05,6.0,4.0,1.0,4.0,2.0
2010-08-06,6.0,4.0,1.0,4.0,2.0
2010-08-07,10.0,2.0,5.0,2.0,4.0
2010-08-08,6.0,2.0,3.0,3.0,3.0
2010-08-09,6.0,2.0,3.0,3.0,3.0
2010-08-10,2.0,1.0,1.0,5.0,2.0
2010-08-11,8.0,3.0,9.0,2.0,1.0
2010-08-12,8.0,3.0,4.0,2.0,2.0
2010-08-13,7.0,3.0,3.0,2.0,3.0
2010-08-14,7.0,3.0,3.0,2.0,3.0
2010-08-15,3.0,8.0,1.0,3.0,2.0
2010-08-16,7.0,3.0,1.0,2.0,2.0
2010-08-17,9.0,7.0,1.0,4.0,1.0
2010-08-18,4.0,3.0,3.0,1.0,2.0
2010-08-19,3.0,5.0,2.0,2.0,2.0
2010-08-20,3.0,5.0,2.0,2.0,2.0
2010-08-21,5.0,18.0,2.0,4.0,2.0
2010-08-22,8.0,8.0,3.0,12.0,2.0
2010-08-23,3.0,11.0,4.0,3.0,1.0
2010-08-24,7.0,2.0,3.0,1.0,1.0
2010-08-25,6.0,5.0,2.0,3.0,1.0
2010-08-26,6.0,5.0,2.0,3.0,1.0
2010-08-27,9.0,7.0,2.0,3.0,2.0
2010-08-28,9.0,7.0,2.0,3.0,2.0
2010-08-29,9.0,7.0,2.0,3.0,2.0
2010-08-30,9.0,7.0,2.0,3.0,2.0
2010-08-31,9.0,7.0,2.0,3.0,2.0
2010-09-01,9.0,7.0,2.0,3.0,2.0
2010-09-02,9.0,7.0,2.0,3.0,2.0
2010-09-03,9.0,7.0,2.0,3.0,2.0
2010-09-04,9.0,7.0,2.0,3.0,2.0
2010-09-05,9.0,7.0,2.0,3.0,2.0
2010-09-06,8.0,8.0,5.0,3.0,3.0
2010-09-07,7.0,4.0,2.0,2.0,6.0
2010-09-08,7.0,5.0,2.0,3.0,4.0
2010-09-09,7.0,5.0,2.0,3.0,4.0
2010-09-10,7.0,5.0,2.0,3.0,4.0
2010-09-11,7.0,5.0,2.0,3.0,4.0
2010-09-12,7.0,5.0,2.0,3.0,4.0
2010-09-13,7.0,5.0,2.0,3.0,4.0
2010-09-14,7.0,9.0,3.0,1.0,1.0
2010-09-15,4.0,10.0,1.0,1.0,1.0
2010-09-16,4.0,6.0,2.0,2.0,1.0
2010-09-17,6.0,4.0,1.0,3.0,1.0
2010-09-18,6.0,4.0,1.0,3.0,1.0
2010-09-19,4.0,5.0,2.0,3.0,1.0
2010-09-20,4.0,5.0,2.0,3.0,1.0
2010-09-21,4.0,5.0,2.0,3.0,1.0
2010-09-22,5.0,8.0,3.0,2.0,1.0
2010-09-23,5.0,8.0,3.0,2.0,1.0
2010-09-24,14.0,11.0,2.0,4.0,2.0
2010-09-25,6.0,10.0,6.0,3.0,1.0
2010-09-26,12.0,18.0,2.0,2.0,5.0
2010-09-27,12.0,14.0,3.0,1.0,4.0
2010-09-28,12.0,14.0,3.0,1.0,4.0
2010-09-29,12.0,14.0,3.0,1.0,4.0
2010-09-30,5.0,10.0,3.0,1.0,7.0
2010-10-01,8.0,7.0,2.0,4.0,3.0
2010-10-02,14.0,14.0,1.0,4.0,4.0
2010-10-03,8.0,12.0,1.0,2.0,9.0
2010-10-04,5.0,8.0,1.0,2.0,2.0
2010-10-05,5.0,17.0,3.0,2.0,10.0
2010-10-06,7.0,15.0,3.0,2.0,15.0
2010-10-07,7.0,10.0,2.0,3.0,6.0
2010-10-08,6.0,16.0,15.0,1.0,4.0
2010-10-09,7.0,13.0,11.0,3.0,3.0
2010-10-10,7.0,13.0,11.0,3.0,3.0
2010-10-11,7.0,13.0,11.0,3.0,3.0
2010-10-12,7.0,13.0,11.0,3.0,3.0
2010-10-13,9.0,10.0,2.0,4.0,3.0
2010-10-14,4.0,7.0,1.0,4.0,6.0
2010-10-15,4.0,7.0,1.0,6.0,4.0
2010-10-16,9.0,4.0,11.0,1.0,9.0
2010-10-17,9.0,6.0,6.0,3.0,6.0
2010-10-18,9.0,6.0,6.0,3.0,6.0
2010-10-19,9.0,6.0,6.0,3.0,6.0
2010-10-20,9.0,6.0,6.0,3.0,6.0
2010-10-21,9.0,6.0,6.0,3.0,6.0
2010-10-22,15.0,11.0,1.0,4.0,1.0
2010-10-23,11.0,7.0,1.0,3.0,2.0
2010-10-24,11.0,7.0,1.0,3.0,2.0
2010-10-25,10.0,11.0,1.0,3.0,3.0
2010-10-26,10.0,11.0,1.0,3.0,3.0
2010-10-27,9.0,12.0,2.0,2.0,2.0
2010-10-28,9.0,12.0,2.0,2.0,2.0
2010-10-29,7.0,8.0,1.0,2.0,2.0
2010-10-30,6.0,10.0,1.0,2.0,2.0
2010-10-31,6.0,10.0,1.0,2.0,2.0
2010-11-01,7.0,10.0,3.0,1.0,2.0
2010-11-02,5.0,5.0,2.0,1.0,1.0
2010-11-03,5.0,5.0,2.0,1.0,1.0
2010-11-04,5.0,5.0,2.0,1.0,1.0
2010-11-05,5.0,5.0,2.0,1.0,1.0
2010-11-06,5.0,5.0,2.0,1.0,1.0
2010-11-07,5.0,5.0,2.0,1.0,1.0
2010-11-08,5.0,6.0,1.0,1.0,1.0
2010-11-09,5.0,6.0,1.0,1.0,1.0
2010-11-10,5.0,6.0,1.0,1.0,1.0
2010-11-11,5.0,6.0,1.0,1.0,1.0
2010-11-12,5.0,6.0,1.0,1.0,1.0
2010-11-13,5.0,6.0,1.0,1.0,1.0
2010-11-14,5.0,6.0,1.0,1.0,1.0
2010-11-15,5.0,6.0,1.0,1.0,1.0
2010-11-16,5.0,6.0,1.0,1.0,1.0
2010-11-17,5.0,6.0,1.0,1.0,1.0
2010-11-18,5.0,6.0,1.0,1.0,1.0
2010-11-19,5.0,6.0,1.0,1.0,1.0
2010-11-20,5.0,6.0,1.0,1.0,1.0
2010-11-21,5.0,6.0,1.0,1.0,1.0
2010-11-22,5.0,6.0,1.0,1.0,1.0
2010-11-23,5.0,6.0,1.0,1.0,1.0
2010-11-24,5.0,6.0,1.0,1.0,1.0
2010-11-25,5.0,6.0,1.0,1.0,1.0
2010-11-26,5.0,6.0,1.0,1.0,1.0
2010-11-27,5.0,6.0,1.0,1.0,1.0
2010-11-28,5.0,6.0,1.0,1.0,1.0
2010-11-29,5.0,6.0,1.0,1.0,1.0
2010-11-30,5.0,6.0,1.0,1.0,1.0
2010-12-01,5.0,6.0,1.0,1.0,1.0
2010-12-02,5.0,6.0,1.0,1.0,1.0
2010-12-03,5.0,6.0,1.0,1.0,1.0
2010-12-04,5.0,6.0,1.0,1.0,1.0
2010-12-05,5.0,6.0,1.0,1.0,1.0
2010-12-06,5.0,6.0,1.0,1.0,1.0
2010-12-07,5.0,6.0,1.0,1.0,1.0
2010-12-08,5.0,6.0,1.0,1.0,1.0
2010-12-09,5.0,6.0,1.0,1.0,1.0
2010-12-10,5.0,6.0,1.0,1.0,1.0
2010-12-11,5.0,6.0,1.0,1.0,1.0
2010-12-12,5.0,6.0,1.0,1.0,1.0
2010-12-13,5.0,6.0,1.0,1.0,1.0
2010-12-14,5.0,6.0,1.0,1.0,1.0
2010-12-15,5.0,6.0,1.0,1.0,1.0
2010-12-16,5.0,6.0,1.0,1.0,1.0
2010-12-17,5.0,6.0,1.0,1.0,1.0
2010-12-18,5.0,6.0,1.0,1.0,1.0
2010-12-19,5.0,6.0,1.0,1.0,1.0
2010-12-20,5.0,6.0,1.0,1.0,1.0
2010-12-21,5.0,6.0,1.0,1.0,1.0
2010-12-22,5.0,6.0,1.0,1.0,1.0
2010-12-23,5.0,6.0,1.0,1.0,1.0
2010-12-24,5.0,6.0,1.0,1.0,1.0
2010-12-25,5.0,6.0,1.0,1.0,1.0
2010-12-26,5.0,6.0,1.0,1.0,1.0
2010-12-27,5.0,6.0,1.0,1.0,1.0
2010-12-28,5.0,6.0,1.0,1.0,1.0
2010-12-29,5.0,6.0,1.0,1.0,1.0
2010-12-30,5.0,6.0,1.0,1.0,1.0
2010-12-31,5.0,6.0,1.0,1.0,1.0
2011-01-01,5.0,6.0,1.0,1.0,1.0
2011-01-02,5.0,6.0,1.0,1.0,1.0
2011-01-03,5.0,6.0,1.0,1.0,1.0
2011-01-04,5.0,6.0,1.0,1.0,1.0
2011-01-05,5.0,6.0,1.0,1.0,1.0
2011-01-06,5.0,6.0,1.0,1.0,1.0
2011-01-07,5.0,6.0,1.0,1.0,1.0
2011-01-08,5.0,6.0,1.0,1.0,1.0
2011-01-09,5.0,6.0,1.0,1.0,1.0
2011-01-10,5.0,6.0,1.0,1.0,1.0
2011-01-11,5.0,6.0,1.0,1.0,1.0
2011-01-12,5.0,6.0,1.0,1.0,1.0
2011-01-13,5.0,6.0,1.0,1.0,1.0
2011-01-14,5.0,6.0,1.0,1.0,1.0
2011-01-15,5.0,6.0,1.0,1.0,1.0
2011-01-16,5.0,6.0,1.0,1.0,1.0
2011-01-17,5.0,6.0,1.0,1.0,1.0
2011-01-18,5.0,6.0,1.0,1.0,1.0
2011-01-19,5.0,6.0,1.0,1.0,1.0
2011-01-20,5.0,6.0,1.0,1.0,1.0
2011-01-21,5.0,6.0,1.0,1.0,1.0
2011-01-22,5.0,6.0,1.0,1.0,1.0
2011-01-23,5.0,6.0,1.0,1.0,1.0
2011-01-24,5.0,6.0,1.0,1.0,1.0
2011-01-25,5.0,6.0,1.0,1.0,1.0
2011-01-26,5.0,6.0,1.0,1.0,1.0
2011-01-27,5.0,6.0,1.0,1.0,1.0
2011-01-28,5.0,6.0,1.0,1.0,1.0
2011-01-29,5.0,6.0,1.0,1.0,1.0
2011-01-30,5.0,6.0,1.0,1.0,1.0
2011-01-31,5.0,6.0,1.0,1.0,1.0
2011-02-01,5.0,6.0,1.0,1.0,1.0
2011-02-02,5.0,6.0,1.0,1.0,1.0
2011-02-03,5.0,6.0,1.0,1.0,1.0
2011-02-04,5.0,6.0,1.0,1.0,1.0
2011-02-05,5.0,6.0,1.0,1.0,1.0
2011-02-06,5.0,6.0,1.0,1.0,1.0
2011-02-07,5.0,6.0,1.0,1.0,1.0
2011-02-08,5.0,6.0,1.0,1.0,1.0
2011-02-09,5.0,6.0,1.0,1.0,1.0
2011-02-10,5.0,6.0,1.0,1.0,1.0
2011-02-11,5.0,6.0,1.0,1.0,1.0
2011-02-12,5.0,6.0,1.0,1.0,1.0
2011-02-13,5.0,6.0,1.0,1.0,1.0
2011-02-14,5.0,6.0,1.0,1.0,1.0
2011-02-15,5.0,6.0,1.0,1.0,1.0
2011-02-16,5.0,6.0,1.0,1.0,1.0
2011-02-17,5.0,6.0,1.0,1.0,1.0
2011-02-18,5.0,6.0,1.0,1.0,1.0
2011-02-19,5.0,6.0,1.0,1.0,1.0
2011-02-20,5.0,6.0,1.0,1.0,1.0
2011-02-21,5.0,6.0,1.0,1.0,1.0
2011-02-22,5.0,6.0,1.0,1.0,1.0
2011-02-23,5.0,6.0,1.0,1.0,1.0
2011-02-24,5.0,6.0,1.0,1.0,1.0
2011-02-25,5.0,6.0,1.0,1.0,1.0
2011-02-26,5.0,6.0,1.0,1.0,1.0
2011-02-27,5.0,6.0,1.0,1.0,1.0
2011-02-28,5.0,6.0,1.0,1.0,1.0
2011-03-01,5.0,6.0,1.0,1.0,1.0
2011-03-02,5.0,6.0,1.0,1.0,1.0
2011-03-03,5.0,6.0,1.0,1.0,1.0
2011-03-04,5.0,6.0,1.0,1.0,1.0
2011-03-05,5.0,6.0,1.0,1.0,1.0
2011-03-06,5.0,6.0,1.0,1.0,1.0
2011-03-07,5.0,6.0,1.0,1.0,1.0
2011-03-08,5.0,6.0,1.0,1.0,1.0
2011-03-09,5.0,6.0,1.0,1.0,1.0
2011-03-10,5.0,6.0,1.0,1.0,1.0
2011-03-11,5.0,6.0,1.0,1.0,1.0
2011-03-12,5.0,6.0,1.0,1.0,1.0
2011-03-13,5.0,6.0,1.0,1.0,1.0
2011-03-14,5.0,6.0,1.0,1.0,1.0
2011-03-15,5.0,6.0,1.0,1.0,1.0
2011-03-16,5.0,6.0,1.0,1.0,1.0
2011-03-17,5.0,6.0,1.0,1.0,1.0
2011-03-18,5.0,6.0,1.0,1.0,1.0
2011-03-19,5.0,6.0,1.0,1.0,1.0
2011-03-20,5.0,6.0,1.0,1.0,1.0
2011-03-21,5.0,6.0,1.0,1.0,1.0
2011-03-22,5.0,6.0,1.0,1.0,1.0
2011-03-23,5.0,6.0,1.0,1.0,1.0
2011-03-24,5.0,6.0,1.0,1.0,1.0
2011-03-25,5.0,6.0,1.0,1.0,1.0
2011-03-26,5.0,6.0,1.0,1.0,1.0
2011-03-27,5.0,6.0,1.0,1.0,1.0
2011-03-28,5.0,6.0,1.0,1.0,1.0
2011-03-29,5.0,6.0,1.0,1.0,1.0
2011-03-30,5.0,6.0,1.0,1.0,1.0
2011-03-31,5.0,6.0,1.0,1.0,1.0
2011-04-01,5.0,6.0,1.0,1.0,1.0
2011-04-02,5.0,6.0,1.0,1.0,1.0
2011-04-03,5.0,6.0,1.0,1.0,1.0
2011-04-04,5.0,6.0,1.0,1.0,1.0
2011-04-05,5.0,6.0,1.0,1.0,1.0
2011-04-06,5.0,6.0,1.0,1.0,1.0
2011-04-07,5.0,6.0,1.0,1.0,1.0
2011-04-08,5.0,6.0,1.0,1.0,1.0
2011-04-09,5.0,6.0,1.0,1.0,1.0
2011-04-10,5.0,6.0,1.0,1.0,1.0
2011-04-11,5.0,6.0,1.0,1.0,1.0
2011-04-12,5.0,6.0,1.0,1.0,1.0
2011-04-13,5.0,6.0,1.0,1.0,1.0
2011-04-14,5.0,6.0,1.0,1.0,1.0
2011-04-15,5.0,6.0,1.0,1.0,1.0
2011-04-16,5.0,6.0,1.0,1.0,1.0
2011-04-17,5.0,6.0,1.0,1.0,1.0
2011-04-18,5.0,6.0,1.0,1.0,1.0
2011-04-19,5.0,6.0,1.0,1.0,1.0
2011-04-20,5.0,6.0,1.0,1.0,1.0
2011-04-21,5.0,6.0,1.0,1.0,1.0
2011-04-22,5.0,6.0,1.0,1.0,1.0
2011-04-23,5.0,6.0,1.0,1.0,1.0
2011-04-24,5.0,6.0,1.0,1.0,1.0
2011-04-25,5.0,6.0,1.0,1.0,1.0
2011-04-26,5.0,6.0,1.0,1.0,1.0
2011-04-27,5.0,6.0,1.0,1.0,1.0
2011-04-28,5.0,6.0,1.0,1.0,1.0
2011-04-29,5.0,6.0,1.0,1.0,1.0
2011-04-30,5.0,6.0,1.0,1.0,1.0
2011-05-01,5.0,6.0,1.0,1.0,1.0
2011-05-02,5.0,6.0,1.0,1.0,1.0
2011-05-03,5.0,6.0,1.0,1.0,1.0
2011-05-04,5.0,6.0,1.0,1.0,1.0
2011-05-05,5.0,6.0,1.0,1.0,1.0
2011-05-06,5.0,6.0,1.0,1.0,1.0
2011-05-07,5.0,6.0,1.0,1.0,1.0
2011-05-08,5.0,6.0,1.0,1.0,1.0
2011-05-09,5.0,6.0,1.0,1.0,1.0
2011-05-10,3.0,5.0,2.0,1.0,1.0
2011-05-11,3.0,5.0,2.0,1.0,1.0
2011-05-12,4.0,3.0,2.0,3.0,1.0
2011-05-13,4.0,3.0,2.0,3.0,1.0
2011-05-14,4.0,3.0,2.0,3.0,1.0
2011-05-15,4.0,3.0,2.0,3.0,1.0
2011-05-16,4.0,3.0,2.0,3.0,1.0
2011-05-17,4.0,3.0,2.0,3.0,1.0
2011-05-18,4.0,3.0,2.0,3.0,1.0
2011-05-19,4.0,3.0,2.0,3.0,1.0
2011-05-20,4.0,3.0,2.0,3.0,1.0
2011-05-21,4.0,3.0,2.0,3.0,1.0
2011-05-22,4.0,3.0,2.0,3.0,1.0
2011-05-23,4.0,3.0,2.0,3.0,1.0
2011-05-24,5.0,2.0,3.0,2.0,1.0
2011-05-25,5.0,2.0,3.0,2.0,1.0
2011-05-26,5.0,2.0,3.0,2.0,1.0
2011-05-27,5.0,2.0,3.0,2.0,1.0
2011-05-28,3.0,3.0,2.0,1.0,1.0
2011-05-29,3.0,3.0,2.0,1.0,1.0
2011-05-30,3.0,3.0,2.0,1.0,1.0
2011-05-31,3.0,3.0,2.0,1.0,1.0
2011-06-01,3.0,3.0,2.0,1.0,1.0
2011-06-02,3.0,3.0,2.0,1.0,1.0
2011-06-03,4.0,4.0,2.0,5.0,1.0
2011-06-04,4.0,4.0,2.0,5.0,1.0
2011-06-05,4.0,4.0,2.0,5.0,1.0
2011-06-06,5.0,4.0,2.0,5.0,1.0
2011-06-07,5.0,4.0,2.0,5.0,1.0
2011-06-08,5.0,4.0,2.0,5.0,1.0
2011-06-09,6.0,4.0,2.0,4.0,1.0
2011-06-10,6.0,4.0,2.0,4.0,1.0
2011-06-11,6.0,4.0,2.0,4.0,1.0
2011-06-12,7.0,3.0,3.0,3.0,1.0
2011-06-13,7.0,3.0,3.0,3.0,1.0
2011-06-14,9.0,2.0,7.0,2.0,1.0
2011-06-15,6.0,2.0,1.0,5.0,1.0
2011-06-16,10.0,3.0,7.0,3.0,1.0
2011-06-17,9.0,4.0,5.0,2.0,1.0
2011-06-18,9.0,4.0,5.0,2.0,1.0
2011-06-19,7.0,5.0,3.0,3.0,2.0
2011-06-20,7.0,5.0,3.0,3.0,2.0
2011-06-21,7.0,4.0,3.0,2.0,1.0
2011-06-22,7.0,4.0,3.0,2.0,1.0
2011-06-23,5.0,3.0,6.0,2.0,1.0
2011-06-24,5.0,3.0,6.0,2.0,1.0
2011-06-25,5.0,3.0,6.0,2.0,1.0
2011-06-26,3.0,4.0,3.0,2.0,1.0
2011-06-27,3.0,4.0,3.0,2.0,1.0
2011-06-28,3.0,3.0,2.0,1.0,1.0
2011-06-29,3.0,3.0,2.0,1.0,1.0
2011-06-30,3.0,3.0,2.0,1.0,1.0
2011-07-01,2.0,4.0,1.0,5.0,1.0
2011-07-02,3.0,3.0,2.0,4.0,1.0
2011-07-03,3.0,3.0,2.0,4.0,1.0
2011-07-04,3.0,3.0,2.0,4.0,1.0
2011-07-05,5.0,7.0,1.0,10.0,1.0
2011-07-06,9.0,9.0,4.0,3.0,2.0
2011-07-07,7.0,8.0,4.0,3.0,2.0
2011-07-08,7.0,8.0,4.0,3.0,2.0
2011-07-09,7.0,8.0,4.0,3.0,2.0
2011-07-10,7.0,8.0,4.0,3.0,2.0
2011-07-11,12.0,2.0,3.0,5.0,1.0
2011-07-12,10.0,3.0,2.0,5.0,1.0
2011-07-13,10.0,3.0,2.0,5.0,1.0
2011-07-14,12.0,4.0,1.0,6.0,1.0
2011-07-15,10.0,3.0,2.0,7.0,1.0
2011-07-16,10.0,3.0,2.0,7.0,1.0
2011-07-17,10.0,9.0,3.0,5.0,1.0
2011-07-18,10.0,9.0,3.0,5.0,1.0
2011-07-19,11.0,10.0,3.0,4.0,2.0
2011-07-20,11.0,10.0,3.0,4.0,2.0
2011-07-21,11.0,10.0,3.0,4.0,2.0
2011-07-22,11.0,10.0,3.0,4.0,2.0
2011-07-23,11.0,10.0,3.0,4.0,2.0
2011-07-24,11.0,10.0,3.0,4.0,2.0
2011-07-25,11.0,10.0,3.0,4.0,2.0
2011-07-26,11.0,10.0,3.0,4.0,2.0
2011-07-27,11.0,10.0,3.0,4.0,2.0
2011-07-28,11.0,10.0,3.0,4.0,2.0
2011-07-29,11.0,10.0,3.0,4.0,2.0
2011-07-30,11.0,10.0,3.0,4.0,2.0
2011-07-31,11.0,10.0,3.0,4.0,2.0
2011-08-01,11.0,10.0,3.0,4.0,2.0
2011-08-02,11.0,10.0,3.0,4.0,2.0
2011-08-03,11.0,10.0,3.0,4.0,2.0
2011-08-04,11.0,10.0,3.0,4.0,2.0
2011-08-05,11.0,10.0,3.0,4.0,2.0
2011-08-06,11.0,10.0,3.0,4.0,2.0
2011-08-07,11.0,10.0,3.0,4.0,2.0
2011-08-08,11.0,10.0,3.0,4.0,2.0
2011-08-09,11.0,10.0,3.0,4.0,2.0
2011-08-10,7.0,4.0,2.0,3.0,2.0
2011-08-11,8.0,7.0,1.0,2.0,1.0
2011-08-12,8.0,7.0,1.0,2.0,1.0
2011-08-13,8.0,5.0,1.0,1.0,1.0
2011-08-14,8.0,5.0,1.0,1.0,1.0
2011-08-15,8.0,5.0,1.0,1.0,1.0
2011-08-16,8.0,5.0,1.0,1.0,1.0
2011-08-17,8.0,5.0,1.0,1.0,1.0
2011-08-18,6.0,5.0,1.0,2.0,1.0
2011-08-19,6.0,5.0,1.0,2.0,1.0
2011-08-20,9.0,3.0,1.0,3.0,3.0
2011-08-21,5.0,4.0,1.0,6.0,1.0
2011-08-22,4.0,13.0,2.0,4.0,2.0
2011-08-23,3.0,7.0,1.0,5.0,1.0
2011-08-24,3.0,7.0,1.0,5.0,1.0
2011-08-25,3.0,7.0,1.0,5.0,1.0
2011-08-26,3.0,7.0,1.0,5.0,1.0
2011-08-27,3.0,7.0,1.0,5.0,1.0
2011-08-28,3.0,7.0,1.0,5.0,1.0
2011-08-29,3.0,4.0,1.0,3.0,1.0
2011-08-30,3.0,4.0,1.0,3.0,1.0
2011-08-31,6.0,8.0,3.0,3.0,1.0
2011-09-01,4.0,8.0,2.0,2.0,1.0
2011-09-02,4.0,8.0,2.0,2.0,1.0
2011-09-03,5.0,5.0,1.0,2.0,1.0
2011-09-04,5.0,5.0,1.0,2.0,1.0
2011-09-05,5.0,5.0,1.0,2.0,1.0
2011-09-06,9.0,5.0,2.0,3.0,4.0
2011-09-07,4.0,8.0,1.0,8.0,2.0
2011-09-08,17.0,7.0,3.0,4.0,2.0
2011-09-09,13.0,7.0,2.0,1.0,1.0
2011-09-10,11.0,11.0,4.0,1.0,1.0
2011-09-11,10.0,10.0,2.0,3.0,1.0
2011-09-12,10.0,10.0,2.0,3.0,1.0
2011-09-13,10.0,10.0,2.0,3.0,1.0
2011-09-14,10.0,10.0,2.0,3.0,1.0
2011-09-15,10.0,10.0,2.0,3.0,1.0
2011-09-16,10.0,10.0,2.0,3.0,1.0
2011-09-17,10.0,10.0,2.0,3.0,1.0
2011-09-18,10.0,10.0,2.0,3.0,1.0
2011-09-19,10.0,10.0,2.0,3.0,1.0
2011-09-20,14.0,10.0,2.0,2.0,2.0
2011-09-21,14.0,10.0,2.0,2.0,2.0
2011-09-22,19.0,7.0,1.0,2.0,1.0
2011-09-23,21.0,8.0,1.0,2.0,4.0
2011-09-24,21.0,8.0,1.0,2.0,4.0
2011-09-25,21.0,8.0,1.0,2.0,4.0
2011-09-26,18.0,27.0,2.0,2.0,1.0
2011-09-27,13.0,20.0,2.0,6.0,4.0
2011-09-28,20.0,33.0,1.0,3.0,1.0
2011-09-29,16.0,23.0,1.0,2.0,2.0
2011-09-30,12.0,16.0,2.0,1.0,3.0
2011-10-01,12.0,16.0,2.0,1.0,3.0
2011-10-02,12.0,16.0,2.0,1.0,3.0
2011-10-03,12.0,6.0,1.0,7.0,7.0
2011-10-04,13.0,13.0,2.0,9.0,6.0
2011-10-05,11.0,12.0,1.0,3.0,6.0
2011-10-06,11.0,14.0,1.0,3.0,4.0
2011-10-07,11.0,14.0,1.0,3.0,4.0
2011-10-08,11.0,14.0,1.0,3.0,4.0
2011-10-09,14.0,15.0,1.0,2.0,2.0
2011-10-10,14.0,15.0,1.0,2.0,2.0
2011-10-11,14.0,15.0,1.0,2.0,2.0
2011-10-12,24.0,16.0,2.0,1.0,1.0
2011-10-13,24.0,16.0,2.0,1.0,1.0
2011-10-14,16.0,13.0,2.0,1.0,1.0
2011-10-15,16.0,13.0,2.0,1.0,1.0
2011-10-16,23.0,3.0,5.0,5.0,2.0
2011-10-17,19.0,5.0,3.0,6.0,2.0
2011-10-18,19.0,5.0,3.0,6.0,2.0
2011-10-19,16.0,6.0,3.0,4.0,2.0
2011-10-20,16.0,6.0,3.0,4.0,2.0
2011-10-21,16.0,6.0,3.0,4.0,2.0
2011-10-22,16.0,5.0,2.0,2.0,2.0
2011-10-23,16.0,5.0,2.0,2.0,2.0
2011-10-24,17.0,7.0,3.0,2.0,2.0
2011-10-25,13.0,8.0,3.0,2.0,1.0
2011-10-26,13.0,8.0,3.0,2.0,1.0
2011-10-27,13.0,8.0,3.0,2.0,1.0
2011-10-28,13.0,8.0,3.0,2.0,1.0
2011-10-29,8.0,8.0,4.0,3.0,2.0
2011-10-30,6.0,9.0,4.0,5.0,1.0
2011-10-31,6.0,9.0,4.0,5.0,1.0
2011-11-01,6.0,9.0,4.0,5.0,1.0
2011-11-02,6.0,9.0,4.0,5.0,1.0
2011-11-03,7.0,5.0,2.0,3.0,1.0
2011-11-04,7.0,5.0,2.0,3.0,1.0
2011-11-05,7.0,5.0,2.0,3.0,1.0
2011-11-06,7.0,5.0,2.0,3.0,1.0
2011-11-07,7.0,5.0,2.0,3.0,1.0
2011-11-08,7.0,5.0,2.0,3.0,1.0
2011-11-09,7.0,5.0,2.0,3.0,1.0
2011-11-10,7.0,5.0,2.0,3.0,1.0
2011-11-11,7.0,5.0,2.0,3.0,1.0
2011-11-12,7.0,5.0,2.0,3.0,1.0
2011-11-13,7.0,5.0,2.0,3.0,1.0
2011-11-14,7.0,5.0,2.0,3.0,1.0
2011-11-15,7.0,5.0,2.0,3.0,1.0
2011-11-16,7.0,5.0,2.0,3.0,1.0
2011-11-17,7.0,5.0,2.0,3.0,1.0
2011-11-18,7.0,5.0,2.0,3.0,1.0
2011-11-19,7.0,5.0,2.0,3.0,1.0
2011-11-20,7.0,5.0,2.0,3.0,1.0
2011-11-21,7.0,5.0,2.0,3.0,1.0
2011-11-22,7.0,5.0,2.0,3.0,1.0
2011-11-23,7.0,5.0,2.0,3.0,1.0
2011-11-24,7.0,5.0,2.0,3.0,1.0
2011-11-25,7.0,5.0,2.0,3.0,1.0
2011-11-26,7.0,5.0,2.0,3.0,1.0
2011-11-27,7.0,5.0,2.0,3.0,1.0
2011-11-28,7.0,5.0,2.0,3.0,1.0
2011-11-29,7.0,5.0,2.0,3.0,1.0
2011-11-30,7.0,5.0,2.0,3.0,1.0
2011-12-01,7.0,5.0,2.0,3.0,1.0
2011-12-02,7.0,5.0,2.0,3.0,1.0
2011-12-03,7.0,5.0,2.0,3.0,1.0
2011-12-04,7.0,5.0,2.0,3.0,1.0
2011-12-05,7.0,5.0,2.0,3.0,1.0
2011-12-06,7.0,5.0,2.0,3.0,1.0
2011-12-07,7.0,5.0,2.0,3.0,1.0
2011-12-08,7.0,5.0,2.0,3.0,1.0
2011-12-09,7.0,5.0,2.0,3.0,1.0
2011-12-10,7.0,5.0,2.0,3.0,1.0
2011-12-11,7.0,5.0,2.0,3.0,1.0
2011-12-12,7.0,5.0,2.0,3.0,1.0
2011-12-13,7.0,5.0,2.0,3.0,1.0
2011-12-14,7.0,5.0,2.0,3.0,1.0
2011-12-15,7.0,5.0,2.0,3.0,1.0
2011-12-16,7.0,5.0,2.0,3.0,1.0
2011-12-17,7.0,5.0,2.0,3.0,1.0
2011-12-18,7.0,5.0,2.0,3.0,1.0
2011-12-19,7.0,5.0,2.0,3.0,1.0
2011-12-20,7.0,5.0,2.0,3.0,1.0
2011-12-21,7.0,5.0,2.0,3.0,1.0
2011-12-22,7.0,5.0,2.0,3.0,1.0
2011-12-23,7.0,5.0,2.0,3.0,1.0
2011-12-24,7.0,5.0,2.0,3.0,1.0
2011-12-25,7.0,5.0,2.0,3.0,1.0
2011-12-26,7.0,5.0,2.0,3.0,1.0
2011-12-27,7.0,5.0,2.0,3.0,1.0
2011-12-28,7.0,5.0,2.0,3.0,1.0
2011-12-29,7.0,5.0,2.0,3.0,1.0
2011-12-30,7.0,5.0,2.0,3.0,1.0
2011-12-31,7.0,5.0,2.0,3.0,1.0
2012-01-01,7.0,5.0,2.0,3.0,1.0
2012-01-02,7.0,5.0,2.0,3.0,1.0
2012-01-03,7.0,5.0,2.0,3.0,1.0
2012-01-04,7.0,5.0,2.0,3.0,1.0
2012-01-05,7.0,5.0,2.0,3.0,1.0
2012-01-06,7.0,5.0,2.0,3.0,1.0
2012-01-07,7.0,5.0,2.0,3.0,1.0
2012-01-08,7.0,5.0,2.0,3.0,1.0
2012-01-09,7.0,5.0,2.0,3.0,1.0
2012-01-10,7.0,5.0,2.0,3.0,1.0
2012-01-11,7.0,5.0,2.0,3.0,1.0
2012-01-12,7.0,5.0,2.0,3.0,1.0
2012-01-13,7.0,5.0,2.0,3.0,1.0
2012-01-14,7.0,5.0,2.0,3.0,1.0
2012-01-15,7.0,5.0,2.0,3.0,1.0
2012-01-16,7.0,5.0,2.0,3.0,1.0
2012-01-17,7.0,5.0,2.0,3.0,1.0
2012-01-18,7.0,5.0,2.0,3.0,1.0
2012-01-19,7.0,5.0,2.0,3.0,1.0
2012-01-20,7.0,5.0,2.0,3.0,1.0
2012-01-21,7.0,5.0,2.0,3.0,1.0
2012-01-22,7.0,5.0,2.0,3.0,1.0
2012-01-23,7.0,5.0,2.0,3.0,1.0
2012-01-24,7.0,5.0,2.0,3.0,1.0
2012-01-25,7.0,5.0,2.0,3.0,1.0
2012-01-26,7.0,5.0,2.0,3.0,1.0
2012-01-27,7.0,5.0,2.0,3.0,1.0
2012-01-28,7.0,5.0,2.0,3.0,1.0
2012-01-29,7.0,5.0,2.0,3.0,1.0
2012-01-30,7.0,5.0,2.0,3.0,1.0
2012-01-31,7.0,5.0,2.0,3.0,1.0
2012-02-01,7.0,5.0,2.0,3.0,1.0
2012-02-02,7.0,5.0,2.0,3.0,1.0
2012-02-03,7.0,5.0,2.0,3.0,1.0
2012-02-04,7.0,5.0,2.0,3.0,1.0
2012-02-05,7.0,5.0,2.0,3.0,1.0
2012-02-06,7.0,5.0,2.0,3.0,1.0
2012-02-07,7.0,5.0,2.0,3.0,1.0
2012-02-08,7.0,5.0,2.0,3.0,1.0
2012-02-09,7.0,5.0,2.0,3.0,1.0
2012-02-10,7.0,5.0,2.0,3.0,1.0
2012-02-11,7.0,5.0,2.0,3.0,1.0
2012-02-12,7.0,5.0,2.0,3.0,1.0
2012-02-13,7.0,5.0,2.0,3.0,1.0
2012-02-14,7.0,5.0,2.0,3.0,1.0
2012-02-15,7.0,5.0,2.0,3.0,1.0
2012-02-16,7.0,5.0,2.0,3.0,1.0
2012-02-17,7.0,5.0,2.0,3.0,1.0
2012-02-18,7.0,5.0,2.0,3.0,1.0
2012-02-19,7.0,5.0,2.0,3.0,1.0
2012-02-20,7.0,5.0,2.0,3.0,1.0
2012-02-21,7.0,5.0,2.0,3.0,1.0
2012-02-22,7.0,5.0,2.0,3.0,1.0
2012-02-23,7.0,5.0,2.0,3.0,1.0
2012-02-24,7.0,5.0,2.0,3.0,1.0
2012-02-25,7.0,5.0,2.0,3.0,1.0
2012-02-26,7.0,5.0,2.0,3.0,1.0
2012-02-27,7.0,5.0,2.0,3.0,1.0
2012-02-28,7.0,5.0,2.0,3.0,1.0
2012-02-29,7.0,5.0,2.0,3.0,1.0
2012-03-01,7.0,5.0,2.0,3.0,1.0
2012-03-02,7.0,5.0,2.0,3.0,1.0
2012-03-03,7.0,5.0,2.0,3.0,1.0
2012-03-04,7.0,5.0,2.0,3.0,1.0
2012-03-05,7.0,5.0,2.0,3.0,1.0
2012-03-06,7.0,5.0,2.0,3.0,1.0
2012-03-07,7.0,5.0,2.0,3.0,1.0
2012-03-08,7.0,5.0,2.0,3.0,1.0
2012-03-09,7.0,5.0,2.0,3.0,1.0
2012-03-10,7.0,5.0,2.0,3.0,1.0
2012-03-11,7.0,5.0,2.0,3.0,1.0
2012-03-12,7.0,5.0,2.0,3.0,1.0
2012-03-13,7.0,5.0,2.0,3.0,1.0
2012-03-14,7.0,5.0,2.0,3.0,1.0
2012-03-15,7.0,5.0,2.0,3.0,1.0
2012-03-16,7.0,5.0,2.0,3.0,1.0
2012-03-17,7.0,5.0,2.0,3.0,1.0
2012-03-18,7.0,5.0,2.0,3.0,1.0
2012-03-19,7.0,5.0,2.0,3.0,1.0
2012-03-20,7.0,5.0,2.0,3.0,1.0
2012-03-21,7.0,5.0,2.0,3.0,1.0
2012-03-22,7.0,5.0,2.0,3.0,1.0
2012-03-23,7.0,5.0,2.0,3.0,1.0
2012-03-24,7.0,5.0,2.0,3.0,1.0
2012-03-25,7.0,5.0,2.0,3.0,1.0
2012-03-26,7.0,5.0,2.0,3.0,1.0
2012-03-27,7.0,5.0,2.0,3.0,1.0
2012-03-28,7.0,5.0,2.0,3.0,1.0
2012-03-29,7.0,5.0,2.0,3.0,1.0
2012-03-30,7.0,5.0,2.0,3.0,1.0
2012-03-31,7.0,5.0,2.0,3.0,1.0
2012-04-01,7.0,5.0,2.0,3.0,1.0
2012-04-02,7.0,5.0,2.0,3.0,1.0
2012-04-03,7.0,5.0,2.0,3.0,1.0
2012-04-04,7.0,5.0,2.0,3.0,1.0
2012-04-05,7.0,5.0,2.0,3.0,1.0
2012-04-06,7.0,5.0,2.0,3.0,1.0
2012-04-07,7.0,5.0,2.0,3.0,1.0
2012-04-08,7.0,5.0,2.0,3.0,1.0
2012-04-09,7.0,5.0,2.0,3.0,1.0
2012-04-10,7.0,5.0,2.0,3.0,1.0
2012-04-11,7.0,5.0,2.0,3.0,1.0
2012-04-12,7.0,5.0,2.0,3.0,1.0
2012-04-13,7.0,5.0,2.0,3.0,1.0
2012-04-14,7.0,5.0,2.0,3.0,1.0
2012-04-15,7.0,5.0,2.0,3.0,1.0
2012-04-16,7.0,5.0,2.0,3.0,1.0
2012-04-17,7.0,5.0,2.0,3.0,1.0
2012-04-18,7.0,5.0,2.0,3.0,1.0
2012-04-19,7.0,5.0,2.0,3.0,1.0
2012-04-20,7.0,5.0,2.0,3.0,1.0
2012-04-21,7.0,5.0,2.0,3.0,1.0
2012-04-22,7.0,5.0,2.0,3.0,1.0
2012-04-23,7.0,5.0,2.0,3.0,1.0
2012-04-24,7.0,5.0,2.0,3.0,1.0
2012-04-25,7.0,5.0,2.0,3.0,1.0
2012-04-26,7.0,5.0,2.0,3.0,1.0
2012-04-27,7.0,5.0,2.0,3.0,1.0
2012-04-28,7.0,5.0,2.0,3.0,1.0
2012-04-29,7.0,5.0,2.0,3.0,1.0
2012-04-30,7.0,5.0,2.0,3.0,1.0
2012-05-01,7.0,5.0,2.0,3.0,1.0
2012-05-02,7.0,5.0,2.0,3.0,1.0
2012-05-03,7.0,5.0,2.0,3.0,1.0
2012-05-04,7.0,5.0,2.0,3.0,1.0
2012-05-05,7.0,5.0,2.0,3.0,1.0
2012-05-06,7.0,5.0,2.0,3.0,1.0
2012-05-07,7.0,5.0,2.0,3.0,1.0
2012-05-08,4.0,4.0,2.0,4.0,1.0
2012-05-09,4.0,4.0,2.0,4.0,1.0
2012-05-10,4.0,4.0,2.0,4.0,1.0
2012-05-11,4.0,4.0,2.0,4.0,1.0
2012-05-12,4.0,4.0,2.0,4.0,1.0
2012-05-13,4.0,4.0,2.0,4.0,1.0
2012-05-14,4.0,4.0,2.0,4.0,1.0
2012-05-15,4.0,4.0,2.0,4.0,1.0
2012-05-16,7.0,4.0,3.0,4.0,2.0
2012-05-17,6.0,3.0,2.0,4.0,2.0
2012-05-18,6.0,3.0,2.0,4.0,2.0
2012-05-19,9.0,2.0,2.0,3.0,2.0
2012-05-20,4.0,6.0,3.0,5.0,3.0
2012-05-21,1.0,6.0,1.0,2.0,6.0
2012-05-22,3.0,7.0,2.0,7.0,6.0
2012-05-23,6.0,7.0,3.0,4.0,1.0
2012-05-24,5.0,5.0,1.0,3.0,2.0
2012-05-25,4.0,3.0,1.0,2.0,1.0
2012-05-26,4.0,3.0,1.0,2.0,1.0
2012-05-27,4.0,3.0,1.0,2.0,1.0
2012-05-28,4.0,4.0,1.0,1.0,2.0
2012-05-29,4.0,4.0,1.0,1.0,2.0
2012-05-30,5.0,3.0,1.0,2.0,2.0
2012-05-31,5.0,3.0,1.0,2.0,2.0
2012-06-01,5.0,3.0,1.0,2.0,2.0
2012-06-02,5.0,3.0,1.0,2.0,2.0
2012-06-03,5.0,3.0,1.0,2.0,2.0
2012-06-04,5.0,3.0,1.0,2.0,2.0
2012-06-05,5.0,2.0,1.0,2.0,2.0
2012-06-06,5.0,2.0,1.0,2.0,2.0
2012-06-07,5.0,2.0,1.0,2.0,2.0
2012-06-08,5.0,2.0,1.0,2.0,2.0
2012-06-09,8.0,3.0,1.0,2.0,3.0
2012-06-10,8.0,3.0,1.0,2.0,3.0
2012-06-11,6.0,3.0,1.0,2.0,2.0
2012-06-12,6.0,3.0,1.0,2.0,2.0
2012-06-13,6.0,3.0,1.0,2.0,2.0
2012-06-14,6.0,3.0,1.0,2.0,2.0
2012-06-15,6.0,3.0,1.0,2.0,2.0
2012-06-16,6.0,3.0,1.0,2.0,2.0
2012-06-17,6.0,3.0,1.0,2.0,2.0
2012-06-18,6.0,3.0,1.0,2.0,2.0
2012-06-19,6.0,3.0,1.0,2.0,2.0
2012-06-20,4.0,1.0,1.0,7.0,3.0
2012-06-21,12.0,4.0,4.0,1.0,4.0
2012-06-22,11.0,1.0,2.0,5.0,3.0
2012-06-23,10.0,6.0,2.0,6.0,3.0
2012-06-24,7.0,4.0,2.0,8.0,3.0
2012-06-25,7.0,4.0,2.0,8.0,3.0
2012-06-26,6.0,3.0,2.0,5.0,1.0
2012-06-27,6.0,3.0,2.0,1.0,4.0
2012-06-28,4.0,5.0,2.0,3.0,2.0
2012-06-29,2.0,3.0,1.0,3.0,1.0
2012-06-30,2.0,3.0,1.0,3.0,1.0
2012-07-01,2.0,3.0,1.0,3.0,1.0
2012-07-02,10.0,1.0,4.0,6.0,1.0
2012-07-03,2.0,3.0,3.0,3.0,1.0
2012-07-04,3.0,1.0,2.0,1.0,3.0
2012-07-05,3.0,1.0,1.0,5.0,1.0
2012-07-06,7.0,4.0,1.0,3.0,2.0
2012-07-07,7.0,4.0,1.0,3.0,2.0
2012-07-08,7.0,4.0,1.0,3.0,2.0
2012-07-09,7.0,4.0,1.0,3.0,2.0
2012-07-10,6.0,5.0,2.0,2.0,4.0
2012-07-11,6.0,5.0,2.0,2.0,4.0
2012-07-12,6.0,5.0,2.0,2.0,4.0
2012-07-13,6.0,5.0,2.0,2.0,4.0
2012-07-14,6.0,5.0,2.0,2.0,4.0
2012-07-15,6.0,10.0,2.0,2.0,2.0
2012-07-16,4.0,6.0,2.0,4.0,4.0
2012-07-17,4.0,6.0,2.0,4.0,4.0
2012-07-18,5.0,2.0,9.0,2.0,10.0
2012-07-19,7.0,7.0,7.0,5.0,2.0
2012-07-20,7.0,3.0,8.0,1.0,2.0
2012-07-21,6.0,10.0,4.0,4.0,2.0
2012-07-22,5.0,7.0,4.0,4.0,1.0
2012-07-23,5.0,7.0,4.0,4.0,1.0
2012-07-24,4.0,2.0,1.0,3.0,3.0
2012-07-25,4.0,60.0,4.0,2.0,2.0
2012-07-26,5.0,31.0,3.0,2.0,2.0
2012-07-27,5.0,31.0,3.0,2.0,2.0
2012-07-28,4.0,16.0,2.0,1.0,2.0
2012-07-29,4.0,16.0,2.0,1.0,2.0
2012-07-30,3.0,10.0,1.0,1.0,1.0
2012-07-31,3.0,10.0,1.0,1.0,1.0
2012-08-01,3.0,10.0,1.0,1.0,1.0
2012-08-02,3.0,10.0,1.0,1.0,1.0
2012-08-03,3.0,10.0,1.0,1.0,1.0
2012-08-04,3.0,10.0,1.0,1.0,1.0
2012-08-05,3.0,10.0,1.0,1.0,1.0
2012-08-06,7.0,8.0,1.0,1.0,1.0
2012-08-07,7.0,8.0,1.0,1.0,1.0
2012-08-08,7.0,8.0,1.0,1.0,1.0
2012-08-09,7.0,8.0,1.0,1.0,1.0
2012-08-10,7.0,8.0,1.0,1.0,1.0
2012-08-11,7.0,8.0,1.0,1.0,1.0
2012-08-12,7.0,8.0,1.0,1.0,1.0
2012-08-13,7.0,8.0,1.0,1.0,1.0
2012-08-14,7.0,8.0,1.0,1.0,1.0
2012-08-15,7.0,8.0,1.0,1.0,1.0
2012-08-16,7.0,8.0,1.0,1.0,1.0
2012-08-17,11.0,6.0,3.0,4.0,3.0
2012-08-18,6.0,5.0,1.0,3.0,3.0
2012-08-19,10.0,5.0,2.0,4.0,3.0
2012-08-20,6.0,4.0,1.0,4.0,3.0
2012-08-21,4.0,5.0,1.0,2.0,2.0
2012-08-22,4.0,5.0,1.0,2.0,2.0
2012-08-23,14.0,2.0,1.0,1.0,1.0
2012-08-24,12.0,5.0,4.0,1.0,1.0
2012-08-25,10.0,5.0,2.0,2.0,1.0
2012-08-26,10.0,5.0,2.0,2.0,1.0
2012-08-27,10.0,5.0,2.0,2.0,1.0
2012-08-28,10.0,4.0,1.0,1.0,1.0
2012-08-29,10.0,4.0,1.0,1.0,1.0
2012-08-30,8.0,2.0,1.0,1.0,1.0
2012-08-31,8.0,2.0,1.0,1.0,1.0
2012-09-01,8.0,2.0,1.0,1.0,1.0
2012-09-02,8.0,2.0,1.0,1.0,1.0
2012-09-03,8.0,2.0,1.0,1.0,1.0
2012-09-04,8.0,2.0,1.0,1.0,1.0
2012-09-05,8.0,2.0,1.0,1.0,1.0
2012-09-06,8.0,2.0,1.0,1.0,1.0
2012-09-07,6.0,9.0,3.0,1.0,1.0
2012-09-08,6.0,9.0,3.0,1.0,1.0
2012-09-09,7.0,6.0,4.0,2.0,1.0
2012-09-10,7.0,6.0,4.0,2.0,1.0
2012-09-11,7.0,6.0,4.0,2.0,1.0
2012-09-12,7.0,4.0,2.0,2.0,1.0
2012-09-13,7.0,4.0,2.0,2.0,1.0
2012-09-14,7.0,4.0,2.0,2.0,1.0
2012-09-15,7.0,4.0,2.0,2.0,1.0
2012-09-16,7.0,4.0,2.0,2.0,1.0
2012-09-17,5.0,3.0,1.0,3.0,2.0
2012-09-18,5.0,3.0,1.0,3.0,2.0
2012-09-19,5.0,3.0,1.0,3.0,2.0
2012-09-20,5.0,3.0,1.0,3.0,2.0
2012-09-21,5.0,3.0,1.0,3.0,2.0
2012-09-22,5.0,3.0,1.0,3.0,2.0
2012-09-23,5.0,3.0,1.0,3.0,2.0
2012-09-24,5.0,3.0,1.0,3.0,2.0
2012-09-25,5.0,3.0,1.0,2.0,3.0
2012-09-26,4.0,2.0,1.0,2.0,2.0
2012-09-27,4.0,2.0,1.0,2.0,2.0
2012-09-28,4.0,2.0,1.0,2.0,2.0
2012-09-29,4.0,2.0,1.0,2.0,2.0
2012-09-30,2.0,4.0,1.0,1.0,2.0
2012-10-01,8.0,5.0,1.0,1.0,4.0
2012-10-02,12.0,4.0,1.0,2.0,2.0
2012-10-03,12.0,4.0,1.0,2.0,2.0
2012-10-04,12.0,4.0,1.0,2.0,2.0
2012-10-05,12.0,4.0,1.0,2.0,2.0
2012-10-06,12.0,4.0,1.0,2.0,2.0
2012-10-07,12.0,4.0,1.0,2.0,2.0
2012-10-08,17.0,6.0,2.0,2.0,2.0
2012-10-09,12.0,6.0,3.0,2.0,6.0
2012-10-10,12.0,6.0,3.0,2.0,6.0
2012-10-11,15.0,2.0,2.0,2.0,16.0
2012-10-12,14.0,3.0,1.0,2.0,11.0
2012-10-13,14.0,3.0,1.0,2.0,11.0
2012-10-14,8.0,6.0,1.0,1.0,1.0
2012-10-15,10.0,7.0,3.0,2.0,2.0
2012-10-16,10.0,7.0,3.0,2.0,2.0
2012-10-17,10.0,6.0,2.0,1.0,2.0
2012-10-18,10.0,6.0,2.0,1.0,2.0
2012-10-19,9.0,6.0,1.0,1.0,2.0
2012-10-20,9.0,6.0,1.0,1.0,2.0
2012-10-21,9.0,6.0,1.0,1.0,2.0
2012-10-22,9.0,6.0,1.0,1.0,2.0
2012-10-23,6.0,3.0,1.0,1.0,2.0
2012-10-24,6.0,3.0,1.0,1.0,2.0
2012-10-25,6.0,3.0,1.0,1.0,2.0
2012-10-26,6.0,3.0,1.0,1.0,2.0
2012-10-27,6.0,3.0,1.0,1.0,2.0
2012-10-28,6.0,3.0,1.0,1.0,2.0
2012-10-29,4.0,5.0,1.0,1.0,2.0
2012-10-30,4.0,5.0,1.0,1.0,2.0
2012-10-31,4.0,5.0,1.0,1.0,2.0
2012-11-01,4.0,5.0,1.0,1.0,2.0
2012-11-02,4.0,5.0,1.0,1.0,2.0
2012-11-03,4.0,5.0,1.0,1.0,2.0
2012-11-04,4.0,5.0,1.0,1.0,2.0
2012-11-05,4.0,5.0,1.0,1.0,2.0
2012-11-06,4.0,5.0,1.0,1.0,2.0
2012-11-07,4.0,5.0,1.0,1.0,2.0
2012-11-08,4.0,5.0,1.0,1.0,2.0
2012-11-09,2.0,1.0,1.0,1.0,1.0
